,High Date,High Price,Min Price,Min Date,Drawdown %
0,0,16.65999984741211,16.65999984741211,0,0.0
1,1,16.850000381469727,16.850000381469727,1,0.0
2,2,16.93000030517578,16.93000030517578,2,0.0
3,3,16.979999542236328,16.979999542236328,3,0.0
4,4,17.079999923706055,17.030000686645508,5,0.2927355812873911
5,6,17.09000015258789,16.670000076293945,8,2.4575779552017494
6,22,17.229999542236328,17.229999542236328,22,0.0
7,23,17.290000915527344,17.290000915527344,23,0.0
8,24,17.31999969482422,16.989999771118164,31,1.9053113713660714
9,42,17.31999969482422,17.06999969482422,45,1.4434180392896205
10,49,17.450000762939453,17.450000762939453,49,0.0
11,50,17.489999771118164,17.440000534057617,52,0.2858732859626009
12,54,17.549999237060547,17.549999237060547,54,0.0
13,55,17.559999465942383,17.559999465942383,55,0.0
14,56,17.559999465942383,17.290000915527344,61,1.537577213135463
15,64,17.6299991607666,17.6299991607666,64,0.0
16,65,17.780000686645508,17.780000686645508,65,0.0
17,66,17.850000381469727,17.75,67,0.5602262147486451
18,68,17.940000534057617,17.940000534057617,68,0.0
19,69,17.979999542236328,17.8799991607666,71,0.556175661933797
20,72,18.030000686645508,18.030000686645508,72,0.0
21,73,18.049999237060547,17.760000228881836,78,1.6066427725009558
22,81,18.219999313354492,18.110000610351562,82,0.6037250666760743
23,83,18.270000457763672,18.1200008392334,84,0.8210159538695164
24,86,18.270000457763672,18.270000457763672,86,0.0
25,87,18.270000457763672,18.270000457763672,87,0.0
26,88,18.290000915527344,18.290000915527344,88,0.0
27,89,18.290000915527344,18.18000030517578,90,0.60142484879909
28,92,18.440000534057617,18.440000534057617,92,0.0
29,93,18.520000457763672,18.520000457763672,93,0.0
30,94,18.559999465942383,18.559999465942383,94,0.0
31,95,18.68000030517578,18.600000381469727,96,0.4282651092028549
32,97,18.709999084472656,18.670000076293945,100,0.21378412686244297
33,101,18.719999313354492,18.719999313354492,101,0.0
34,102,18.780000686645508,18.770000457763672,103,0.05324935312141452
35,104,18.790000915527344,18.600000381469727,105,1.0111789505055744
36,106,18.8799991607666,18.8799991607666,106,0.0
37,107,18.93000030517578,18.93000030517578,107,0.0
38,108,19.139999389648438,19.139999389648438,108,0.0
39,109,19.260000228881836,19.260000228881836,109,0.0
40,110,19.399999618530273,16.68000030517578,134,14.020615292983996
41,182,19.440000534057617,19.139999389648438,184,1.5432157210263302
42,187,19.450000762939453,19.450000762939453,187,0.0
43,188,19.690000534057617,19.65999984741211,189,0.15236508802331364
44,190,20.0,19.889999389648438,191,0.5500030517578125
45,192,20.1200008392334,19.360000610351562,212,3.777336964121086
46,223,20.15999984741211,20.15999984741211,223,0.0
47,224,20.31999969482422,19.0,230,6.4960615878377235
48,247,20.3799991607666,20.3799991607666,247,0.0
49,248,20.43000030517578,20.43000030517578,248,0.0
50,249,20.770000457763672,20.690000534057617,250,0.38517054377893045
51,251,20.8700008392334,20.8700008392334,251,0.0
52,252,20.8700008392334,20.8700008392334,252,0.0
53,253,21.0,21.0,253,0.0
54,254,21.1200008392334,20.850000381469727,255,1.2784112075512217
55,256,21.190000534057617,21.110000610351562,257,0.37753620429350554
56,258,21.299999237060547,21.299999237060547,258,0.0
57,259,21.459999084472656,21.459999084472656,259,0.0
58,260,21.549999237060547,21.030000686645508,266,2.412986398258303
59,268,21.670000076293945,21.670000076293945,268,0.0
60,269,21.739999771118164,21.65999984741211,270,0.3679849335248636
61,271,21.770000457763672,21.770000457763672,271,0.0
62,272,21.959999084472656,21.959999084472656,272,0.0
63,273,22.200000762939453,21.25,298,4.2792825688789105
64,329,22.389999389648438,22.389999389648438,329,0.0
65,330,22.43000030517578,22.43000030517578,330,0.0
66,331,22.530000686645508,22.530000686645508,331,0.0
67,332,22.6200008392334,22.6200008392334,332,0.0
68,333,22.809999465942383,20.959999084472656,373,8.11047972285998
69,396,22.81999969482422,22.81999969482422,396,0.0
70,397,22.850000381469727,22.850000381469727,397,0.0
71,398,23.010000228881836,23.010000228881836,398,0.0
72,399,23.030000686645508,22.700000762939453,404,1.4329132169649172
73,415,23.079999923706055,23.079999923706055,415,0.0
74,416,23.239999771118164,23.239999771118164,416,0.0
75,417,23.280000686645508,23.280000686645508,417,0.0
76,418,23.280000686645508,23.280000686645508,418,0.0
77,419,23.420000076293945,23.420000076293945,419,0.0
78,420,23.469999313354492,23.469999313354492,420,0.0
79,421,23.530000686645508,23.530000686645508,421,0.0
80,422,23.6200008392334,23.5,423,0.5080475654940457
81,425,23.709999084472656,23.260000228881836,436,1.8979286080424957
82,439,23.790000915527344,23.610000610351562,444,0.7566216824241399
83,446,23.850000381469727,22.399999618530273,472,6.0796676718966935
84,499,23.8799991607666,23.8799991607666,499,0.0
85,500,23.920000076293945,23.739999771118164,503,0.7525096346223327
86,505,23.979999542236328,23.979999542236328,505,0.0
87,506,24.15999984741211,24.059999465942383,507,0.41390886631333346
88,509,24.200000762939453,24.200000762939453,509,0.0
89,510,24.25,24.25,510,0.0
90,511,24.459999084472656,24.459999084472656,511,0.0
91,512,24.65999984741211,23.09000015258789,532,6.366584365526585
92,619,24.65999984741211,24.65999984741211,619,0.0
93,620,24.75,24.75,620,0.0
94,621,24.829999923706055,24.829999923706055,621,0.0
95,622,24.959999084472656,24.959999084472656,622,0.0
96,623,25.1200008392334,24.809999465942383,629,1.2340818588144447
97,632,25.15999984741211,25.15999984741211,632,0.0
98,633,25.15999984741211,24.850000381469727,635,1.2321123522354416
99,639,25.239999771118164,25.15999984741211,640,0.3169569113768284
100,642,25.260000228881836,25.260000228881836,642,0.0
101,643,25.3700008392334,25.3700008392334,643,0.0
102,644,25.399999618530273,25.399999618530273,644,0.0
103,645,25.450000762939453,25.43000030517578,646,0.07858725801217555
104,647,25.459999084472656,25.440000534057617,648,0.0785489046903997
105,649,25.520000457763672,25.520000457763672,649,0.0
106,650,25.549999237060547,23.799999237060547,701,6.8493152730181155
107,725,25.65999984741211,25.65999984741211,725,0.0
108,726,25.68000030517578,25.68000030517578,726,0.0
109,727,25.739999771118164,25.610000610351562,729,0.5050472491164063
110,731,25.760000228881836,25.760000228881836,731,0.0
111,732,25.93000030517578,25.93000030517578,732,0.0
112,733,25.979999542236328,25.959999084472656,734,0.076984057413691
113,735,26.040000915527344,26.040000915527344,735,0.0
114,736,26.040000915527344,26.040000915527344,736,0.0
115,737,26.06999969482422,26.030000686645508,739,0.15342926216701144
116,740,26.149999618530273,26.149999618530273,740,0.0
117,741,26.299999237060547,26.190000534057617,742,0.4182460311554893
118,745,26.399999618530273,26.399999618530273,745,0.0
119,746,26.59000015258789,26.540000915527344,748,0.18803774642205356
120,749,26.65999984741211,22.709999084472656,925,14.816206997551355
121,1046,26.690000534057617,26.690000534057617,1046,0.0
122,1047,26.690000534057617,26.559999465942383,1049,0.48707780260006844
123,1051,26.729999542236328,26.729999542236328,1051,0.0
124,1052,26.809999465942383,26.420000076293945,1056,1.4546788415414422
125,1060,26.940000534057617,26.940000534057617,1060,0.0
126,1061,27.170000076293945,27.170000076293945,1061,0.0
127,1062,27.209999084472656,27.209999084472656,1062,0.0
128,1063,27.260000228881836,27.010000228881836,1064,0.9170946364671202
129,1066,27.3799991607666,27.3799991607666,1066,0.0
130,1067,27.3799991607666,27.3799991607666,1067,0.0
131,1068,27.56999969482422,27.56999969482422,1068,0.0
132,1069,27.639999389648438,27.639999389648438,1069,0.0
133,1070,27.850000381469727,27.850000381469727,1070,0.0
134,1071,27.940000534057617,27.639999389648438,1074,1.0737334956149756
135,1080,28.18000030517578,28.18000030517578,1080,0.0
136,1081,28.260000228881836,28.209999084472656,1082,0.17693256901703175
137,1083,28.280000686645508,28.280000686645508,1083,0.0
138,1084,28.290000915527344,28.290000915527344,1084,0.0
139,1085,28.510000228881836,28.510000228881836,1085,0.0
140,1086,28.649999618530273,28.489999771118164,1088,0.5584636982285491
141,1089,28.719999313354492,28.559999465942383,1090,0.5571025460913265
142,1091,28.799999237060547,28.799999237060547,1091,0.0
143,1092,28.84000015258789,28.84000015258789,1092,0.0
144,1093,28.850000381469727,28.719999313354492,1094,0.4506102821361961
145,1096,28.989999771118164,28.989999771118164,1096,0.0
146,1097,29.0,28.93000030517578,1098,0.2413782580145474
147,1099,29.170000076293945,29.049999237060547,1100,0.4113844323604286
148,1101,29.190000534057617,29.190000534057617,1101,0.0
149,1102,29.190000534057617,28.149999618530273,1108,3.5628670657745145
150,1119,29.260000228881836,29.200000762939453,1120,0.20505627297691814
151,1121,29.280000686645508,29.280000686645508,1121,0.0
152,1122,29.43000030517578,29.209999084472656,1123,0.74754066742036
153,1125,29.59000015258789,29.59000015258789,1125,0.0
154,1126,29.920000076293945,29.920000076293945,1126,0.0
155,1127,29.940000534057617,29.940000534057617,1127,0.0
156,1128,29.940000534057617,29.940000534057617,1128,0.0
157,1129,30.139999389648438,30.020000457763672,1131,0.39813846819777693
158,1133,30.190000534057617,29.84000015258789,1136,1.1593255226176227
159,1138,30.270000457763672,30.270000457763672,1138,0.0
160,1139,30.309999465942383,30.309999465942383,1139,0.0
161,1140,30.34000015258789,30.34000015258789,1140,0.0
162,1141,30.520000457763672,30.520000457763672,1141,0.0
163,1142,30.579999923706055,30.579999923706055,1142,0.0
164,1143,30.690000534057617,30.690000534057617,1143,0.0
165,1144,30.8799991607666,30.8799991607666,1144,0.0
166,1145,30.989999771118164,30.1200008392334,1150,2.807353786093219
167,1155,31.049999237060547,31.049999237060547,1155,0.0
168,1156,31.1200008392334,31.09000015258789,1157,0.09640323212229979
169,1158,31.15999984741211,31.15999984741211,1158,0.0
170,1159,31.209999084472656,29.829999923706055,1166,4.421657165165273
171,1175,31.280000686645508,31.280000686645508,1175,0.0
172,1176,31.290000915527344,31.290000915527344,1176,0.0
173,1177,31.459999084472656,31.459999084472656,1177,0.0
174,1178,31.709999084472656,31.56999969482422,1179,0.4414991917076106
175,1180,31.790000915527344,31.790000915527344,1180,0.0
176,1181,32.0,32.0,1181,0.0
177,1182,32.18000030517578,32.18000030517578,1182,0.0
178,1183,32.400001525878906,32.400001525878906,1183,0.0
179,1184,32.529998779296875,32.529998779296875,1184,0.0
180,1185,32.689998626708984,32.290000915527344,1188,1.2236088344611529
181,1191,32.7599983215332,31.68000030517578,1208,3.296697410535389
182,1211,32.81999969482422,32.709999084472656,1212,0.3351633497087138
183,1213,33.02000045776367,33.02000045776367,1213,0.0
184,1214,33.150001525878906,33.150001525878906,1214,0.0
185,1215,33.18000030517578,33.18000030517578,1215,0.0
186,1216,33.470001220703125,33.470001220703125,1216,0.0
187,1217,33.540000915527344,33.470001220703125,1218,0.20870510707652482
188,1219,33.56999969482422,33.56999969482422,1219,0.0
189,1220,33.630001068115234,33.439998626708984,1221,0.5649789930764892
190,1224,34.029998779296875,34.029998779296875,1224,0.0
191,1225,34.220001220703125,34.220001220703125,1225,0.0
192,1226,34.54999923706055,33.9900016784668,1229,1.6208323327343541
193,1232,34.7599983215332,34.7599983215332,1232,0.0
194,1233,34.91999816894531,34.349998474121094,1238,1.6323016171608078
195,1240,34.93000030517578,34.93000030517578,1240,0.0
196,1241,35.91999816894531,35.06999969482422,1246,2.3663655831028443
197,1250,35.97999954223633,35.97999954223633,1250,0.0
198,1251,36.75,34.58000183105469,1261,5.90475692230017
199,1275,36.959999084472656,36.959999084472656,1275,0.0
200,1276,36.959999084472656,36.459999084472656,1277,1.352813886324083
201,1279,37.08000183105469,37.08000183105469,1279,0.0
202,1280,37.150001525878906,36.56999969482422,1289,1.5612430881076946
203,1292,37.150001525878906,37.150001525878906,1292,0.0
204,1293,37.290000915527344,37.290000915527344,1293,0.0
205,1294,37.52000045776367,34.959999084472656,1300,6.823031295462839
206,1320,37.65999984741211,37.65999984741211,1320,0.0
207,1321,37.709999084472656,37.709999084472656,1321,0.0
208,1322,37.790000915527344,37.790000915527344,1322,0.0
209,1323,37.959999084472656,37.959999084472656,1323,0.0
210,1324,38.27000045776367,38.220001220703125,1325,0.13064864505483367
211,1326,38.279998779296875,38.279998779296875,1326,0.0
212,1327,38.31999969482422,36.970001220703125,1345,3.522960555512307
213,1357,38.369998931884766,38.369998931884766,1357,0.0
214,1358,39.689998626708984,39.689998626708984,1358,0.0
215,1359,39.959999084472656,39.0099983215332,1361,2.3773793411036315
216,1366,39.959999084472656,39.959999084472656,1366,0.0
217,1367,40.099998474121094,40.099998474121094,1367,0.0
218,1368,40.13999938964844,40.13999938964844,1368,0.0
219,1369,40.5099983215332,40.5099983215332,1369,0.0
220,1370,40.599998474121094,40.599998474121094,1370,0.0
221,1371,40.75,40.75,1371,0.0
222,1372,40.959999084472656,40.959999084472656,1372,0.0
223,1373,40.9900016784668,40.77000045776367,1374,0.5367192283348889
224,1376,41.029998779296875,41.029998779296875,1376,0.0
225,1377,41.189998626708984,41.189998626708984,1377,0.0
226,1378,41.689998626708984,41.689998626708984,1378,0.0
227,1379,43.18000030517578,42.099998474121094,1388,2.5011621663310475
228,1392,43.47999954223633,43.47999954223633,1392,0.0
229,1393,43.58000183105469,43.58000183105469,1393,0.0
230,1394,43.7599983215332,41.7400016784668,1404,4.616080257188713
231,1422,43.86000061035156,43.849998474121094,1423,0.02280468785061555
232,1424,43.880001068115234,43.880001068115234,1424,0.0
233,1425,43.88999938964844,43.88999938964844,1425,0.0
234,1426,44.189998626708984,44.189998626708984,1426,0.0
235,1427,44.79999923706055,44.79999923706055,1427,0.0
236,1428,44.9900016784668,44.75,1429,0.533455589048504
237,1430,45.09000015258789,45.09000015258789,1430,0.0
238,1431,45.15999984741211,45.130001068115234,1432,0.06642776660371065
239,1433,45.38999938964844,45.38999938964844,1433,0.0
240,1434,45.38999938964844,45.38999938964844,1434,0.0
241,1435,45.630001068115234,40.79999923706055,1447,10.585145119423931
242,1470,46.40999984741211,43.11000061035156,1517,7.110534901767641
243,1550,46.70000076293945,46.70000076293945,1550,0.0
244,1551,47.130001068115234,47.060001373291016,1552,0.1485247045147544
245,1553,47.529998779296875,47.529998779296875,1553,0.0
246,1554,47.9900016784668,47.9900016784668,1554,0.0
247,1555,48.13999938964844,48.13999938964844,1555,0.0
248,1556,48.59000015258789,48.59000015258789,1556,0.0
249,1557,48.869998931884766,44.099998474121094,1605,9.760590468627022
250,1638,49.13999938964844,49.13999938964844,1638,0.0
251,1639,49.310001373291016,49.29999923706055,1640,0.020284193777951206
252,1641,49.31999969482422,49.31999969482422,1641,0.0
253,1642,49.349998474121094,49.33000183105469,1643,0.04052004799329912
254,1645,49.439998626708984,49.439998626708984,1645,0.0
255,1646,49.47999954223633,49.0,1648,0.9700880086439746
256,1650,49.619998931884766,49.619998931884766,1650,0.0
257,1651,49.63999938964844,49.63999938964844,1651,0.0
258,1652,49.63999938964844,38.97999954223633,1958,21.474617200811384
259,2191,49.779998779296875,49.56999969482422,2192,0.4218543383331566
260,2194,49.869998931884766,49.869998931884766,2194,0.0
261,2195,50.060001373291016,49.97999954223633,2196,0.1598118834598587
262,2197,50.16999816894531,50.16999816894531,2197,0.0
263,2198,50.369998931884766,50.369998931884766,2198,0.0
264,2199,51.06999969482422,51.06999969482422,2199,0.0
265,2200,51.06999969482422,51.04999923706055,2202,0.03916283117914108
266,2203,51.38999938964844,51.38999938964844,2203,0.0
267,2204,51.619998931884766,50.41999816894531,2214,2.324681882545011
268,2220,52.029998779296875,52.029998779296875,2220,0.0
269,2221,52.45000076293945,52.2599983215332,2222,0.3622544111391195
270,2223,52.56999969482422,52.56999969482422,2223,0.0
271,2224,52.97999954223633,52.97999954223633,2224,0.0
272,2225,53.04999923706055,52.83000183105469,2226,0.41469822652168853
273,2227,53.09000015258789,53.09000015258789,2227,0.0
274,2228,53.2400016784668,51.02000045776367,2234,4.16979930637571
275,2244,53.459999084472656,53.220001220703125,2246,0.4489297940134797
276,2248,53.56999969482422,53.56999969482422,2248,0.0
277,2249,53.91999816894531,53.91999816894531,2249,0.0
278,2250,54.150001525878906,53.41999816894531,2253,1.3481132712151758
279,2255,54.7400016784668,54.7400016784668,2255,0.0
280,2256,54.93000030517578,54.93000030517578,2256,0.0
281,2257,55.209999084472656,55.209999084472656,2257,0.0
282,2258,55.439998626708984,55.439998626708984,2258,0.0
283,2259,55.65999984741211,54.88999938964844,2261,1.3834000357071017
284,2263,55.77000045776367,55.77000045776367,2263,0.0
285,2264,55.779998779296875,55.470001220703125,2265,0.5557503861201368
286,2267,55.83000183105469,55.68000030517578,2269,0.2686754808513546
287,2271,56.040000915527344,53.58000183105469,2284,4.389719921990667
288,2299,56.25,56.25,2299,0.0
289,2300,56.349998474121094,56.349998474121094,2300,0.0
290,2301,56.43000030517578,56.150001525878906,2303,0.4961878039741804
291,2306,56.599998474121094,56.599998474121094,2306,0.0
292,2307,56.66999816894531,55.439998626708984,2318,2.17045982350209
293,2328,56.709999084472656,56.709999084472656,2328,0.0
294,2329,56.959999084472656,56.959999084472656,2329,0.0
295,2330,57.43000030517578,57.43000030517578,2330,0.0
296,2331,57.91999816894531,57.91999816894531,2331,0.0
297,2332,58.16999816894531,56.880001068115234,2345,2.217633043555358
298,2350,58.369998931884766,58.09000015258789,2354,0.479696392702733
299,2360,58.38999938964844,58.38999938964844,2360,0.0
300,2361,58.68000030517578,56.36000061035156,2368,3.95364635780274
301,2384,58.970001220703125,58.970001220703125,2384,0.0
302,2385,59.279998779296875,59.279998779296875,2385,0.0
303,2386,59.650001525878906,59.650001525878906,2386,0.0
304,2387,60.0099983215332,60.0099983215332,2387,0.0
305,2388,60.029998779296875,58.90999984741211,2396,1.8657320584038233
306,2402,60.31999969482422,60.31999969482422,2402,0.0
307,2403,60.619998931884766,60.5,2404,0.19795271197480813
308,2406,60.709999084472656,52.20000076293945,2717,14.01745750266325
309,2781,61.2400016784668,61.2400016784668,2781,0.0
310,2782,61.970001220703125,61.779998779296875,2783,0.30660390134504856
311,2785,62.29999923706055,61.13999938964844,2792,1.8619580443302117
312,2795,62.29999923706055,62.099998474121094,2796,0.3210285158727228
313,2797,62.31999969482422,62.31999969482422,2797,0.0
314,2798,62.36000061035156,62.36000061035156,2798,0.0
315,2799,62.59000015258789,62.59000015258789,2799,0.0
316,2800,62.84000015258789,62.84000015258789,2800,0.0
317,2801,63.29999923706055,63.29999923706055,2801,0.0
318,2802,63.439998626708984,63.43000030517578,2803,0.01576028018543133
319,2804,63.849998474121094,63.849998474121094,2804,0.0
320,2805,63.95000076293945,63.95000076293945,2805,0.0
321,2806,64.05000305175781,63.380001068115234,2812,1.0460608145500945
322,2814,64.20999908447266,64.0,2815,0.3270504399110613
323,2816,64.86000061035156,64.3499984741211,2821,0.7863122593758858
324,2823,64.93000030517578,64.93000030517578,2823,0.0
325,2824,65.05999755859375,65.05999755859375,2824,0.0
326,2825,65.5999984741211,65.5999984741211,2825,0.0
327,2826,65.66000366210938,65.45999908447266,2827,0.30460640646009596
328,2829,65.95999908447266,65.95999908447266,2829,0.0
329,2830,66.52999877929688,66.52999877929688,2830,0.0
330,2831,66.62000274658203,66.26000213623047,2833,0.5403791586754813
331,2835,68.68000030517578,64.4000015258789,2840,6.231797845484766
332,2973,68.7300033569336,68.7300033569336,2973,0.0
333,2974,69.11000061035156,69.11000061035156,2974,0.0
334,2975,69.47000122070312,69.47000122070312,2975,0.0
335,2976,70.01000213623047,70.01000213623047,2976,0.0
336,2977,70.87000274658203,70.7699966430664,2978,0.14111203561431804
337,2979,71.06999969482422,71.06999969482422,2979,0.0
338,2980,71.2699966430664,71.2699966430664,2980,0.0
339,2981,71.66000366210938,71.66000366210938,2981,0.0
340,2982,71.66999816894531,71.62000274658203,2983,0.06975781169329556
341,2985,71.72000122070312,71.72000122070312,2985,0.0
342,2986,71.77999877929688,71.69999694824219,2987,0.1114542106648266
343,2988,71.83999633789062,71.83999633789062,2988,0.0
344,2989,71.8499984741211,71.31999969482422,2992,0.7376461942275054
345,2994,72.01000213623047,71.69999694824219,2997,0.43050295624461316
346,2998,72.04000091552734,72.04000091552734,2998,0.0
347,2999,72.38999938964844,72.38999938964844,2999,0.0
348,3000,72.63999938964844,52.31999969482422,3135,27.973568096863062
349,3434,72.66000366210938,72.63999938964844,3435,0.02753133973673235
350,3436,73.0,72.58000183105469,3438,0.5753399574593322
351,3440,73.19999694824219,72.80000305175781,3445,0.5464397720770402
352,3446,73.22000122070312,73.22000122070312,3446,0.0
353,3447,73.30000305175781,72.95999908447266,3448,0.4638525963567509
354,3449,73.30000305175781,71.69999694824219,3453,2.182818604230952
355,3467,73.31999969482422,73.31999969482422,3467,0.0
356,3468,73.37999725341797,72.95999908447266,3469,0.5723605678191129
357,3472,74.01000213623047,74.01000213623047,3472,0.0
358,3473,74.4800033569336,69.61000061035156,3491,6.538671491787287
359,3506,74.73999786376953,73.80999755859375,3510,1.2443140644329642
360,3515,75.0199966430664,75.0199966430664,3515,0.0
361,3516,75.43000030517578,75.43000030517578,3516,0.0
362,3517,75.5,75.5,3517,0.0
363,3518,75.66999816894531,75.66999816894531,3518,0.0
364,3519,75.69000244140625,75.69000244140625,3519,0.0
365,3520,76.0,76.0,3520,0.0
366,3521,76.27999877929688,76.22000122070312,3523,0.07865437802030212
367,3524,76.36000061035156,76.36000061035156,3524,0.0
368,3525,76.63999938964844,76.41000366210938,3528,0.30009881180939496
369,3530,77.02999877929688,77.02999877929688,3530,0.0
370,3531,77.08999633789062,77.08999633789062,3531,0.0
371,3532,77.11000061035156,76.62999725341797,3535,0.6224917042331811
372,3542,77.18000030517578,77.05000305175781,3543,0.16843385968379035
373,3544,77.33000183105469,77.33000183105469,3544,0.0
374,3545,77.56999969482422,77.45999908447266,3548,0.14180818716556237
375,3551,77.62000274658203,77.62000274658203,3551,0.0
376,3552,77.68000030517578,77.68000030517578,3552,0.0
377,3553,77.68000030517578,77.68000030517578,3553,0.0
378,3554,77.87000274658203,77.62000274658203,3555,0.321047889022931
379,3557,77.97000122070312,77.97000122070312,3557,0.0
380,3558,78.22000122070312,78.05999755859375,3560,0.20455594427557428
381,3561,78.30999755859375,78.30999755859375,3561,0.0
382,3562,78.33000183105469,78.33000183105469,3562,0.0
383,3563,78.58999633789062,78.58999633789062,3563,0.0
384,3564,78.94999694824219,78.94999694824219,3564,0.0
385,3565,79.08000183105469,79.08000183105469,3565,0.0
386,3566,79.13999938964844,79.13999938964844,3566,0.0
387,3567,79.13999938964844,79.13999938964844,3567,0.0
388,3568,79.31999969482422,79.31999969482422,3568,0.0
389,3569,79.37999725341797,78.79000091552734,3573,0.7432556793962609
390,3579,79.69999694824219,79.69999694824219,3579,0.0
391,3580,79.94000244140625,79.94000244140625,3580,0.0
392,3581,80.0199966430664,79.69999694824219,3584,0.39989966039563213
393,3588,80.08999633789062,80.08999633789062,3588,0.0
394,3589,80.19999694824219,80.19999694824219,3589,0.0
395,3590,80.55000305175781,79.3499984741211,3596,1.4897635408724315
396,3602,80.87999725341797,80.87999725341797,3602,0.0
397,3603,81.05999755859375,81.05999755859375,3603,0.0
398,3604,81.1500015258789,80.9000015258789,3606,0.30807146678891245
399,3607,81.16000366210938,78.63999938964844,3625,3.1049829457282727
400,3638,81.20999908447266,81.20999908447266,3638,0.0
401,3639,81.45999908447266,81.45999908447266,3639,0.0
402,3640,81.63999938964844,81.63999938964844,3640,0.0
403,3641,81.69000244140625,81.69000244140625,3641,0.0
404,3642,82.2699966430664,82.2699966430664,3642,0.0
405,3643,82.5999984741211,82.5999984741211,3643,0.0
406,3644,82.9800033569336,82.9800033569336,3644,0.0
407,3645,83.12000274658203,83.12000274658203,3645,0.0
408,3646,83.12000274658203,83.12000274658203,3646,0.0
409,3647,83.22000122070312,83.22000122070312,3647,0.0
410,3648,83.36000061035156,83.05999755859375,3650,0.3598884951550233
411,3652,83.63999938964844,83.63999938964844,3652,0.0
412,3653,84.01000213623047,81.31999969482422,3681,3.2020025866017083
413,3702,84.20999908447266,84.20999908447266,3702,0.0
414,3703,84.27999877929688,84.08000183105469,3706,0.23730060647712795
415,3707,84.36000061035156,84.36000061035156,3707,0.0
416,3708,84.73999786376953,84.73999786376953,3708,0.0
417,3709,84.79000091552734,84.79000091552734,3709,0.0
418,3710,84.80000305175781,84.80000305175781,3710,0.0
419,3711,85.04000091552734,85.04000091552734,3711,0.0
420,3712,85.22000122070312,85.22000122070312,3712,0.0
421,3713,85.23999786376953,84.25,3716,1.1614240832710305
422,3737,85.6500015258789,85.6500015258789,3737,0.0
423,3738,86.02999877929688,86.02999877929688,3738,0.0
424,3739,86.22000122070312,86.18000030517578,3740,0.0463940094653336
425,3741,86.27999877929688,83.22000122070312,3757,3.546589710114837
426,3779,86.48999786376953,86.48999786376953,3779,0.0
427,3780,86.62999725341797,86.5199966430664,3782,0.12697750645169556
428,3783,86.73999786376953,86.73999786376953,3783,0.0
429,3784,86.86000061035156,86.86000061035156,3784,0.0
430,3785,86.94000244140625,86.94000244140625,3785,0.0
431,3786,87.2300033569336,87.2300033569336,3786,0.0
432,3787,87.4800033569336,87.4800033569336,3787,0.0
433,3788,87.55999755859375,87.55999755859375,3788,0.0
434,3789,87.58000183105469,87.55000305175781,3790,0.034253001449741735
435,3791,87.62999725341797,85.54000091552734,3797,2.3850238541564095
436,3838,87.94000244140625,87.94000244140625,3838,0.0
437,3839,88.04000091552734,88.04000091552734,3839,0.0
438,3840,88.23999786376953,88.1500015258789,3841,0.10199041258995385
439,3842,88.51000213623047,88.30000305175781,3844,0.2372602863001127
440,3845,88.77999877929688,88.77999877929688,3845,0.0
441,3846,88.87999725341797,88.87999725341797,3846,0.0
442,3847,88.88999938964844,88.88999938964844,3847,0.0
443,3848,89.04000091552734,88.93000030517578,3850,0.12354066624046937
444,3851,89.11000061035156,89.11000061035156,3851,0.0
445,3852,89.2300033569336,89.2300033569336,3852,0.0
446,3853,89.51000213623047,89.51000213623047,3853,0.0
447,3854,89.70999908447266,89.70999908447266,3854,0.0
448,3855,89.91999816894531,89.55000305175781,3858,0.4114714465322144
449,3859,89.94000244140625,89.94000244140625,3859,0.0
450,3860,90.2699966430664,81.5999984741211,3891,9.60451810276128
451,3954,90.6500015258789,89.9000015258789,3958,0.8273579562884936
452,3963,90.8499984741211,90.8499984741211,3963,0.0
453,3964,91.37000274658203,91.19000244140625,3967,0.19700153197435982
454,3968,91.37999725341797,91.37999725341797,3968,0.0
455,3969,91.68000030517578,91.68000030517578,3969,0.0
456,3970,91.80000305175781,91.77999877929688,3971,0.02179114574719445
457,3972,91.94000244140625,91.94000244140625,3972,0.0
458,3973,91.9800033569336,91.66999816894531,3974,0.33703541712788226
459,3975,92.19999694824219,92.19999694824219,3975,0.0
460,3976,92.51000213623047,91.83000183105469,3985,0.735055982567605
461,3987,92.55000305175781,92.55000305175781,3987,0.0
462,3988,92.62999725341797,90.58999633789062,4002,2.2023113203234703
463,4023,92.8499984741211,92.8499984741211,4023,0.0
464,4024,93.05999755859375,93.05999755859375,4024,0.0
465,4025,93.13999938964844,93.13999938964844,4025,0.0
466,4026,93.33000183105469,93.33000183105469,4026,0.0
467,4027,93.41000366210938,93.19000244140625,4028,0.23552211977095316
468,4030,93.5,93.5,4030,0.0
469,4031,93.7699966430664,93.7699966430664,4031,0.0
470,4032,93.94999694824219,92.16000366210938,4042,1.905261675653842
471,4048,94.05999755859375,73.19999694824219,4215,22.17733484136764
472,4358,94.31999969482422,94.31999969482422,4358,0.0
473,4359,94.44000244140625,94.44000244140625,4359,0.0
474,4360,94.58000183105469,88.43000030517578,4379,6.50243329119877
475,4418,94.75,94.75,4418,0.0
476,4419,95.37000274658203,95.37000274658203,4419,0.0
477,4420,95.77999877929688,95.66000366210938,4421,0.12528201995909535
478,4422,95.83000183105469,92.63999938964844,4438,3.3288139209577863
479,4449,95.98999786376953,95.98999786376953,4449,0.0
480,4450,96.19999694824219,96.19999694824219,4450,0.0
481,4451,96.2699966430664,96.2699966430664,4451,0.0
482,4452,96.52999877929688,96.12999725341797,4454,0.4143805355197995
483,4455,96.75,96.75,4455,0.0
484,4456,97.0,97.0,4456,0.0
485,4457,97.58999633789062,87.72000122070312,4567,10.113736538132589
486,4604,97.97000122070312,97.45999908447266,4605,0.520569694677818
487,4606,97.97000122070312,97.97000122070312,4606,0.0
488,4607,98.58999633789062,98.58999633789062,4607,0.0
489,4608,98.66000366210938,98.3499984741211,4609,0.3142156664112709
490,4610,98.9000015258789,98.9000015258789,4610,0.0
491,4611,98.91000366210938,96.44999694824219,4619,2.4871161892490874
492,4628,99.98999786376953,99.98999786376953,4628,0.0
493,4629,100.37999725341797,99.88999938964844,4630,0.488142934027473
494,4631,100.6500015258789,100.6500015258789,4631,0.0
495,4632,101.2699966430664,101.2699966430664,4632,0.0
496,4633,101.41000366210938,101.41000366210938,4633,0.0
497,4634,101.66000366210938,99.4000015258789,4645,2.223098617763295
498,4648,101.94000244140625,101.94000244140625,4648,0.0
499,4649,102.2300033569336,102.2300033569336,4649,0.0
500,4650,102.38999938964844,96.62999725341797,4663,5.625551489956158
501,4693,102.58999633789062,102.30999755859375,4695,0.27292990475861845
502,4696,102.66999816894531,102.66999816894531,4696,0.0
503,4697,102.86000061035156,102.86000061035156,4697,0.0
504,4698,103.22000122070312,103.22000122070312,4698,0.0
505,4699,103.70999908447266,103.69999694824219,4700,0.00964433161581838
506,4701,103.73999786376953,103.18000030517578,4703,0.5398087238531988
507,4706,104.01000213623047,104.01000213623047,4706,0.0
508,4707,104.81999969482422,104.81999969482422,4707,0.0
509,4708,104.98999786376953,103.05999755859375,4715,1.8382706395327926
510,4721,105.12999725341797,105.12999725341797,4721,0.0
511,4722,105.19999694824219,105.19999694824219,4722,0.0
512,4723,105.77999877929688,105.77999877929688,4723,0.0
513,4724,105.91999816894531,105.91999816894531,4724,0.0
514,4725,106.13999938964844,105.97000122070312,4726,0.16016409451938624
515,4727,106.30000305175781,106.30000305175781,4727,0.0
516,4728,106.4800033569336,106.4800033569336,4728,0.0
517,4729,107.26000213623047,107.26000213623047,4729,0.0
518,4730,107.76000213623047,107.76000213623047,4730,0.0
519,4731,108.37000274658203,69.29000091552734,5100,36.061641451132346
520,5551,108.7699966430664,108.7699966430664,5551,0.0
521,5552,108.87000274658203,108.87000274658203,5552,0.0
522,5553,108.95999908447266,106.48999786376953,5568,2.266888070353437
523,5572,109.0,109.0,5572,0.0
524,5573,109.52999877929688,109.52999877929688,5573,0.0
525,5574,109.62000274658203,109.44999694824219,5575,0.15508647516900792
526,5576,109.76000213623047,109.76000213623047,5576,0.0
527,5577,110.18000030517578,104.73999786376953,5596,4.937377406370095
528,5607,110.30999755859375,110.30999755859375,5607,0.0
529,5608,110.45999908447266,110.45999908447266,5608,0.0
530,5609,110.66000366210938,105.80999755859375,5646,4.382799514741292
531,5659,110.69000244140625,110.69000244140625,5659,0.0
532,5660,110.86000061035156,110.86000061035156,5660,0.0
533,5661,111.05000305175781,111.05000305175781,5661,0.0
534,5662,111.94999694824219,111.94999694824219,5662,0.0
535,5663,112.55000305175781,106.7699966430664,5707,5.135500890242875
536,5719,112.66999816894531,112.66999816894531,5719,0.0
537,5720,113.2300033569336,113.2300033569336,5720,0.0
538,5721,114.22000122070312,113.3499984741211,5723,0.7616903670846202
539,5727,114.94999694824219,114.5,5728,0.39147190969026713
540,5729,115.12999725341797,115.12999725341797,5729,0.0
541,5730,115.48999786376953,115.48999786376953,5730,0.0
542,5731,115.52999877929688,115.52999877929688,5731,0.0
543,5732,116.20999908447266,116.20999908447266,5732,0.0
544,5733,116.9000015258789,116.9000015258789,5733,0.0
545,5734,117.2699966430664,116.47000122070312,5736,0.6821825234618364
546,5739,117.37999725341797,117.37999725341797,5739,0.0
547,5740,117.7699966430664,117.58000183105469,5741,0.16132700808980155
548,5742,118.01000213623047,118.01000213623047,5742,0.0
549,5743,118.5999984741211,118.5999984741211,5743,0.0
550,5744,118.86000061035156,118.86000061035156,5744,0.0
551,5745,119.12000274658203,115.11000061035156,5753,3.3663549729438955
552,5759,119.56999969482422,119.4000015258789,5760,0.14217460013313954
553,5761,119.87000274658203,119.43000030517578,5764,0.3670663479807055
554,5765,120.23999786376953,62.279998779296875,6201,48.20359290935836
555,7663,121.44000244140625,121.44000244140625,7663,0.0
556,7664,122.04000091552734,122.04000091552734,7664,0.0
557,7665,122.51000213623047,120.73999786376953,7676,1.4447834802032753
558,7678,123.30000305175781,123.30000305175781,7678,0.0
559,7679,123.61000061035156,123.61000061035156,7679,0.0
560,7680,124.77999877929688,123.27999877929688,7682,1.202115735433775
561,7683,125.25,125.25,7683,0.0
562,7684,125.72000122070312,122.5999984741211,7686,2.481707537613546
563,7689,126.0199966430664,122.08000183105469,7693,3.1264838255560266
564,7696,126.12000274658203,123.30999755859375,7699,2.228040855370529
565,7705,126.73999786376953,126.73999786376953,7705,0.0
566,7706,128.8699951171875,128.39999389648438,7707,0.36470958214573607
567,7708,129.25,129.25,7708,0.0
568,7709,130.39999389648438,123.54000091552734,7714,5.2607310598516674
569,7719,131.72999572753906,130.2899932861328,7723,1.0931469582559226
570,7724,132.02999877929688,132.02000427246094,7725,0.007569875731533143
571,7726,133.6999969482422,126.29000091552734,7737,5.54225594753259
572,7745,134.58999633789062,134.58999633789062,7745,0.0
573,7746,136.49000549316406,136.49000549316406,7746,0.0
574,7747,137.14999389648438,137.14999389648438,7747,0.0
575,7748,137.75,137.75,7748,0.0
576,7749,139.6999969482422,139.05999755859375,7750,0.45812412571888067
577,7751,140.39999389648438,138.30999755859375,7753,1.4886014449769565
578,7756,140.52000427246094,102.41999816894531,8186,27.11358165748537
579,8244,142.8699951171875,140.44000244140625,8247,1.7008418554141307
580,8248,143.02000427246094,132.92999267578125,8258,7.054965246300554
581,8288,145.27000427246094,145.17999267578125,8289,0.061961584657811666
582,8290,146.77999877929688,139.97000122070312,8300,4.639595050571898
583,8310,146.92999267578125,145.0,8312,1.3135457510298878
584,8313,147.5,147.5,8313,0.0
585,8314,147.64999389648438,147.64999389648438,8314,0.0
586,8315,148.92999267578125,145.47999572753906,8320,2.316522606532848
587,8322,149.60000610351562,149.60000610351562,8322,0.0
588,8323,149.74000549316406,148.05999755859375,8324,1.1219499618937894
589,8325,150.8800048828125,150.8800048828125,8325,0.0
590,8326,152.3000030517578,152.3000030517578,8326,0.0
591,8327,153.47999572753906,153.47999572753906,8327,0.0
592,8328,153.6699981689453,153.6699981689453,8328,0.0
593,8329,153.6699981689453,149.58999633789062,8337,2.655041244009855
594,8353,155.13999938964844,155.13999938964844,8353,0.0
595,8354,155.82000732421875,155.82000732421875,8354,0.0
596,8355,156.77000427246094,156.77000427246094,8355,0.0
597,8356,158.1199951171875,158.1199951171875,8356,0.0
598,8357,158.75,158.75,8357,0.0
599,8358,159.74000549316406,158.7100067138672,8359,0.6447970100645533
600,8360,160.7100067138672,158.80999755859375,8363,1.1822593963649506
601,8364,161.80999755859375,161.44000244140625,8365,0.228660232847182
602,8366,162.9499969482422,162.9499969482422,8366,0.0
603,8367,164.42999267578125,162.11000061035156,8368,1.4109299816148426
604,8372,166.10000610351562,161.99000549316406,8381,2.4744132807497663
605,8385,166.2100067138672,161.36000061035156,8394,2.917998861443389
606,8399,167.1199951171875,167.1199951171875,8399,0.0
607,8400,169.13999938964844,169.02000427246094,8402,0.07094425778675026
608,8403,170.52999877929688,170.52999877929688,8403,0.0
609,8404,170.99000549316406,159.17999267578125,8436,6.906843931211499
610,8480,172.64999389648438,147.82000732421875,8679,14.381689805997283
611,8804,175.22999572753906,175.22999572753906,8804,0.0
612,8805,175.47999572753906,175.47999572753906,8805,0.0
613,8806,177.3000030517578,176.7100067138672,8807,0.33276724632564836
614,8808,177.35000610351562,177.35000610351562,8808,0.0
615,8809,177.39999389648438,177.39999389648438,8809,0.0
616,8810,179.17999267578125,179.17999267578125,8810,0.0
617,8811,179.38999938964844,179.38999938964844,8811,0.0
618,8812,179.6300048828125,178.6300048828125,8813,0.5566998679604683
619,8814,180.35000610351562,180.35000610351562,8814,0.0
620,8815,180.61000061035156,180.42999267578125,8816,0.0996666485587706
621,8817,181.82000732421875,181.82000732421875,8817,0.0
622,8818,182.19000244140625,180.50999450683594,8819,0.922118619055739
623,8821,183.35000610351562,176.52999877929688,8842,3.719665719764588
624,8870,183.42999267578125,178.3699951171875,8874,2.7585442733661707
625,8881,184.27999877929688,184.27999877929688,8881,0.0
626,8882,184.61000061035156,183.8699951171875,8883,0.4008479988719357
627,8885,185.66000366210938,185.66000366210938,8885,0.0
628,8886,187.4199981689453,187.4199981689453,8886,0.0
629,8887,189.72000122070312,187.60000610351562,8890,1.117433640916589
630,8897,190.0399932861328,190.0399932861328,8897,0.0
631,8898,190.16000366210938,190.16000366210938,8898,0.0
632,8899,191.05999755859375,185.3300018310547,8904,2.999055689709094
633,8914,191.22999572753906,191.22999572753906,8914,0.0
634,8915,191.85000610351562,191.85000610351562,8915,0.0
635,8916,192.42999267578125,191.4499969482422,8918,0.5092738995163939
636,8919,192.52000427246094,191.0500030517578,8921,0.7635576501560475
637,8923,192.94000244140625,192.94000244140625,8923,0.0
638,8924,193.2899932861328,192.72000122070312,8925,0.29488958830161044
639,8926,194.72000122070312,194.72000122070312,8926,0.0
640,8927,195.64999389648438,180.66000366210938,8976,7.661635932534703
641,9008,197.27999877929688,197.27999877929688,9008,0.0
642,9009,198.0800018310547,197.10000610351562,9010,0.4947474346122609
643,9011,199.05999755859375,198.11000061035156,9012,0.4772415150676136
644,9016,201.41000366210938,201.41000366210938,9016,0.0
645,9017,201.52000427246094,200.35000610351562,9018,0.5805866138050696
646,9020,202.5399932861328,200.4600067138672,9022,1.0269510423687933
647,9024,204.22999572753906,202.99000549316406,9026,0.6071538267225236
648,9027,204.25,204.25,9027,0.0
649,9028,204.38999938964844,204.38999938964844,9028,0.0
650,9029,206.30999755859375,206.30999755859375,9029,0.0
651,9030,206.72999572753906,206.72999572753906,9030,0.0
652,9031,209.94000244140625,209.94000244140625,9031,0.0
653,9032,212.02000427246094,207.13999938964844,9038,2.301671910420935
654,9046,213.8000030517578,203.49000549316406,9057,4.8222625871983045
655,9065,213.9600067138672,212.7899932861328,9066,0.5468374420547931
656,9069,214.55999755859375,214.55999755859375,9069,0.0
657,9070,216.24000549316406,215.9199981689453,9071,0.1479871051098666
658,9073,217.39999389648438,217.39999389648438,9073,0.0
659,9074,219.75999450683594,219.75999450683594,9074,0.0
660,9075,222.4499969482422,219.75999450683594,9076,1.2092616220768648
661,9078,224.6199951171875,223.7899932861328,9080,0.3695137784246071
662,9082,226.77000427246094,226.77000427246094,9082,0.0
663,9083,226.9199981689453,224.33999633789062,9086,1.136965385101862
664,9090,231.69000244140625,231.69000244140625,9090,0.0
665,9091,232.5399932861328,232.5399932861328,9091,0.0
666,9092,233.19000244140625,233.19000244140625,9092,0.0
667,9093,236.5500030517578,233.33999633789062,9098,1.35700979600699
668,9101,237.3000030517578,237.3000030517578,9101,0.0
669,9102,238.97000122070312,228.6300048828125,9108,4.326901403972048
670,9115,242.22000122070312,242.22000122070312,9115,0.0
671,9116,243.02999877929688,242.3800048828125,9117,0.26745418250800174
672,9118,244.74000549316406,232.75999450683594,9137,4.894994981383517
673,9143,244.75,244.75,9143,0.0
674,9144,246.6300048828125,246.6300048828125,9144,0.0
675,9145,247.97999572753906,239.5800018310547,9153,3.3873675462570896
676,9164,248.92999267578125,248.74000549316406,9165,0.07632153143740948
677,9166,249.60000610351562,249.60000610351562,9166,0.0
678,9167,250.83999633789062,250.83999633789062,9167,0.0
679,9168,252.0399932861328,252.0399932861328,9168,0.0
680,9169,252.6999969482422,233.66000366210938,9177,7.534623472920962
681,9207,252.83999633789062,252.83999633789062,9207,0.0
682,9208,253.3000030517578,248.52000427246094,9211,1.8870899019768894
683,9213,253.8300018310547,229.91000366210938,9230,9.423629199225273
684,9275,254.0,242.1699981689453,9295,4.657481035848302
685,9299,255.3300018310547,255.3300018310547,9299,0.0
686,9300,257.2799987792969,257.2799987792969,9300,0.0
687,9301,258.7300109863281,258.7300109863281,9301,0.0
688,9302,260.29998779296875,259.95001220703125,9303,0.13445086529003425
689,9304,262.6400146484375,262.6400146484375,9304,0.0
690,9305,265.489990234375,265.489990234375,9305,0.0
691,9306,266.2799987792969,266.2799987792969,9306,0.0
692,9307,269.3399963378906,267.8399963378906,9309,0.5569169155695056
693,9310,273.9100036621094,269.6099853515625,9312,1.5698653766042452
694,9314,275.3999938964844,274.0799865722656,9316,0.4793055023504852
695,9317,276.45001220703125,275.989990234375,9318,0.16640331066860042
696,9319,279.6400146484375,279.6400146484375,9319,0.0
697,9320,281.1600036621094,275.07000732421875,9323,2.1660251310884964
698,9327,285.489990234375,285.4200134277344,9328,0.024511124394651123
699,9329,285.57000732421875,282.3800048828125,9331,1.1170649436530342
700,9338,288.6199951171875,288.6199951171875,9338,0.0
701,9339,290.5199890136719,290.5199890136719,9339,0.0
702,9340,290.6600036621094,288.29998779296875,9341,0.8119506775635117
703,9342,290.8599853515625,290.30999755859375,9343,0.1890902223294757
704,9344,291.2200012207031,288.2300109863281,9346,1.0267118404786404
705,9347,292.4700012207031,292.4700012207031,9347,0.0
706,9348,292.7799987792969,292.7799987792969,9348,0.0
707,9349,294.0799865722656,294.0799865722656,9349,0.0
708,9350,298.1700134277344,298.1700134277344,9350,0.0
709,9351,301.1600036621094,301.1600036621094,9351,0.0
710,9352,301.6400146484375,289.20001220703125,9356,4.1241220784003465
711,9361,301.95001220703125,278.2099914550781,9392,7.862235400631758
712,9409,303.1400146484375,303.1400146484375,9409,0.0
713,9410,304.760009765625,304.760009765625,9410,0.0
714,9411,304.80999755859375,304.80999755859375,9411,0.0
715,9412,305.69000244140625,305.69000244140625,9412,0.0
716,9413,306.9700012207031,306.9700012207031,9413,0.0
717,9414,309.6499938964844,302.94000244140625,9421,2.1669599829933364
718,9429,310.67999267578125,310.4200134277344,9430,0.08368071783694922
719,9431,312.70001220703125,312.70001220703125,9431,0.0
720,9432,314.5899963378906,307.80999755859375,9436,2.15518575231957
721,9440,315.6499938964844,315.6499938964844,9440,0.0
722,9441,318.04998779296875,318.04998779296875,9441,0.0
723,9442,318.6600036621094,316.2300109863281,9444,0.7625659473593331
724,9446,322.0899963378906,322.0899963378906,9446,0.0
725,9447,323.0,323.0,9447,0.0
726,9448,328.0,328.0,9448,0.0
727,9449,333.3299865722656,332.3900146484375,9450,0.28199440845216006
728,9451,334.6499938964844,329.25,9454,1.6136243821820384
729,9456,334.8399963378906,334.8399963378906,9456,0.0
730,9457,335.8999938964844,333.3299865722656,9458,0.7651108576711553
731,9459,336.7699890136719,223.9199981689453,9530,33.5095152555726
732,9944,338.04998779296875,338.04998779296875,9944,0.0
733,9945,341.989990234375,341.989990234375,9945,0.0
734,9946,342.1499938964844,342.1499938964844,9946,0.0
735,9947,346.0799865722656,343.75,9948,0.673250884959537
736,9952,349.4100036621094,340.6700134277344,9962,2.501356613368989
737,9965,351.5199890136719,350.5199890136719,9966,0.28447884366573145
738,9967,352.0899963378906,349.8399963378906,9968,0.6390411608970394
739,9971,353.7300109863281,343.1600036621094,9979,2.9881567850988158
740,9992,354.7099914550781,354.7099914550781,9992,0.0
741,9993,356.94000244140625,356.94000244140625,9993,0.0
742,9994,356.9700012207031,356.9700012207031,9994,0.0
743,9995,358.7799987792969,358.7799987792969,9995,0.0
744,9996,359.79998779296875,322.9800109863281,10074,10.23345693603166
745,10156,360.6499938964844,360.6499938964844,10156,0.0
746,10157,360.8599853515625,360.8599853515625,10157,0.0
747,10158,361.2300109863281,361.2300109863281,10158,0.0
748,10159,363.1600036621094,363.1600036621094,10159,0.0
749,10160,367.3999938964844,352.05999755859375,10176,4.175284864651548
750,10189,368.95001220703125,295.4599914550781,10251,19.91869313469902
751,10337,369.0199890136719,364.2200012207031,10338,1.3007392379470573
752,10339,369.05999755859375,369.05999755859375,10339,0.0
753,10340,369.3900146484375,362.80999755859375,10345,1.7813196970433005
754,10348,370.4700012207031,369.3299865722656,10349,0.30772117706727614
755,10350,376.7200012207031,366.5799865722656,10362,2.6916581587333686
756,10369,379.5,378.94000244140625,10370,0.14756193902338602
757,10371,379.7699890136719,373.1499938964844,10375,1.7431590985851115
758,10377,380.3999938964844,380.3999938964844,10377,0.0
759,10378,381.19000244140625,381.19000244140625,10378,0.0
760,10379,387.6199951171875,387.6199951171875,10379,0.0
761,10380,390.45001220703125,368.57000732421875,10400,5.603791573506444
762,10457,390.6199951171875,376.4700012207031,10466,3.6224448500746416
763,10469,391.3299865722656,391.3299865722656,10469,0.0
764,10470,394.1700134277344,393.05999755859375,10472,0.2816084002656207
765,10473,396.6400146484375,376.79998779296875,10502,5.00202352832555
766,10526,396.739990234375,396.739990234375,10526,0.0
767,10527,397.4100036621094,375.2200012207031,10538,5.583654723566771
768,10555,399.3299865722656,399.3299865722656,10555,0.0
769,10556,404.8399963378906,404.8399963378906,10556,0.0
770,10557,406.4599914550781,406.4599914550781,10557,0.0
771,10558,415.1400146484375,415.1400146484375,10558,0.0
772,10559,417.0899963378906,417.0899963378906,10559,0.0
773,10560,417.260009765625,417.260009765625,10560,0.0
774,10561,419.3399963378906,414.3399963378906,10567,1.1923498935625405
775,10568,420.44000244140625,420.44000244140625,10568,0.0
776,10569,420.7699890136719,394.5,10628,6.243313377755726
777,10705,422.2300109863281,422.2300109863281,10705,0.0
778,10706,423.9200134277344,423.9200134277344,10706,0.0
779,10707,424.2099914550781,424.2099914550781,10707,0.0
780,10708,425.0899963378906,410.7200012207031,10723,3.3804594888102812
781,10737,425.2699890136719,402.6600036621094,10756,5.316619073920972
782,10786,426.6499938964844,425.1199951171875,10787,0.35860747713220165
783,10788,427.5899963378906,427.5899963378906,10788,0.0
784,10789,429.19000244140625,429.19000244140625,10789,0.0
785,10790,430.1600036621094,430.1600036621094,10790,0.0
786,10791,431.3500061035156,429.8900146484375,10793,0.3384702525604591
787,10795,432.05999755859375,432.05999755859375,10795,0.0
788,10796,435.30999755859375,435.30999755859375,10796,0.0
789,10797,436.989990234375,431.5199890136719,10803,1.2517451985042831
790,10805,441.2799987792969,429.04998779296875,10818,2.771485455982536
791,10834,442.5199890136719,442.5199890136719,10834,0.0
792,10835,442.54998779296875,442.54998779296875,10835,0.0
793,10836,447.20001220703125,447.20001220703125,10836,0.0
794,10837,449.55999755859375,431.8999938964844,10846,3.9282862705789663
795,10858,454.7099914550781,454.3999938964844,10859,0.06817478490009724
796,10860,456.3299865722656,433.5400085449219,10892,4.994188130946918
797,10973,456.42999267578125,455.2300109863281,10975,0.26290596777357605
798,10976,459.7699890136719,459.7699890136719,10976,0.0
799,10977,460.1300048828125,460.1300048828125,10977,0.0
800,10978,461.0400085449219,460.5400085449219,10979,0.10845045781992736
801,10980,461.8999938964844,461.8999938964844,10980,0.0
802,10981,463.55999755859375,452.95001220703125,10995,2.2888052048152416
803,11012,466.8299865722656,466.8299865722656,11012,0.0
804,11013,469.5,457.489990234375,11027,2.5580425485889244
805,11062,470.5400085449219,470.5400085449219,11062,0.0
806,11063,470.94000244140625,465.44000244140625,11067,1.1678770058791732
807,11072,475.2699890136719,470.9200134277344,11083,0.9152640996678556
808,11085,477.04998779296875,477.04998779296875,11085,0.0
809,11086,478.70001220703125,478.70001220703125,11086,0.0
810,11087,481.6099853515625,479.6199951171875,11088,0.413195385249822
811,11089,482.0,438.9200134277344,11130,8.937756550262579
812,11349,482.54998779296875,482.54998779296875,11349,0.0
813,11350,484.5400085449219,484.5400085449219,11350,0.0
814,11351,485.2200012207031,481.9700012207031,11352,0.6697992646271257
815,11355,486.9100036621094,486.9100036621094,11355,0.0
816,11356,488.1099853515625,482.1199951171875,11363,1.227180433537063
817,11366,489.57000732421875,489.57000732421875,11366,0.0
818,11367,490.04998779296875,490.04998779296875,11367,0.0
819,11368,492.8900146484375,491.8800048828125,11369,0.20491585051594266
820,11370,495.4100036621094,495.4100036621094,11370,0.0
821,11371,495.5199890136719,495.5199890136719,11371,0.0
822,11372,496.1400146484375,495.07000732421875,11373,0.21566640315777638
823,11376,500.9700012207031,500.9700012207031,11376,0.0
824,11377,503.20001220703125,503.20001220703125,11377,0.0
825,11378,503.8999938964844,500.7099914550781,11381,0.6330626076692449
826,11383,505.239990234375,505.239990234375,11383,0.0
827,11384,505.57000732421875,505.57000732421875,11384,0.0
828,11385,506.0799865722656,506.0799865722656,11385,0.0
829,11386,506.4200134277344,506.4200134277344,11386,0.0
830,11387,507.010009765625,505.5299987792969,11388,0.29190961870995175
831,11389,507.1700134277344,507.1700134277344,11389,0.0
832,11390,509.2300109863281,504.9200134277344,11393,0.8463754031789508
833,11396,512.8900146484375,512.0999755859375,11397,0.1540367408091451
834,11399,513.5499877929688,513.5499877929688,11399,0.0
835,11400,514.7100219726562,514.260009765625,11401,0.08743023990606437
836,11402,514.8599853515625,514.8599853515625,11402,0.0
837,11403,520.47998046875,520.47998046875,11403,0.0
838,11404,520.5399780273438,520.1199951171875,11405,0.0806821623476129
839,11406,523.9600219726562,523.5599975585938,11407,0.07634636179998022
840,11408,524.3599853515625,524.3599853515625,11408,0.0
841,11409,524.3699951171875,524.3699951171875,11409,0.0
842,11410,525.5499877929688,525.5499877929688,11410,0.0
843,11411,527.739990234375,527.739990234375,11411,0.0
844,11412,528.1900024414062,519.1900024414062,11415,1.7039322892141255
845,11417,528.5900268554688,528.5900268554688,11417,0.0
846,11418,528.6099853515625,523.5800170898438,11421,0.9515462062967786
847,11422,533.4000244140625,533.4000244140625,11422,0.0
848,11423,533.489990234375,532.510009765625,11424,0.18369238161703294
849,11425,535.5999755859375,527.9400024414062,11429,1.43016682107787
850,11431,536.0499877929688,536.0499877929688,11431,0.0
851,11432,536.469970703125,536.469970703125,11432,0.0
852,11433,537.1199951171875,537.1199951171875,11433,0.0
853,11434,539.8300170898438,539.8300170898438,11434,0.0
854,11435,545.219970703125,543.97998046875,11437,0.22742934980460958
855,11438,551.0700073242188,542.4299926757812,11441,1.5678615300422618
856,11447,553.989990234375,553.989990234375,11447,0.0
857,11448,556.3699951171875,556.3699951171875,11448,0.0
858,11449,557.1900024414062,554.780029296875,11450,0.4325226823833188
859,11451,560.8900146484375,560.8900146484375,11451,0.0
860,11452,561.0,559.8900146484375,11453,0.19785835143716576
861,11454,562.719970703125,550.97998046875,11456,2.0862935110878946
862,11462,565.219970703125,555.1099853515625,11473,1.788681553304961
863,11489,569.1699829101562,569.1699829101562,11489,0.0
864,11490,570.1699829101562,570.1699829101562,11490,0.0
865,11491,570.2899780273438,570.2899780273438,11491,0.0
866,11492,572.6799926757812,572.6799926757812,11492,0.0
867,11493,573.9099731445312,573.9099731445312,11493,0.0
868,11494,576.510009765625,576.510009765625,11494,0.0
869,11495,578.77001953125,578.77001953125,11495,0.0
870,11496,583.6099853515625,582.77001953125,11498,0.14392588224934338
871,11499,584.2000122070312,584.2000122070312,11499,0.0
872,11500,586.77001953125,577.52001953125,11514,1.5764268268834698
873,11519,586.780029296875,586.780029296875,11519,0.0
874,11520,587.4400024414062,587.4400024414062,11520,0.0
875,11521,590.6500244140625,576.719970703125,11526,2.3584276873189687
876,11535,591.7100219726562,591.7100219726562,11535,0.0
877,11536,593.260009765625,589.2899780273438,11539,0.6691891705037833
878,11540,593.9600219726562,593.9600219726562,11540,0.0
879,11541,597.3400268554688,597.3400268554688,11541,0.0
880,11542,600.0700073242188,596.8499755859375,11543,0.5366093454061706
881,11544,600.239990234375,598.4000244140625,11545,0.3065383596974355
882,11547,601.3200073242188,601.3200073242188,11547,0.0
883,11548,606.4500122070312,606.4500122070312,11548,0.0
884,11549,607.6400146484375,605.3699951171875,11550,0.37357966501981704
885,11552,613.6799926757812,613.6799926757812,11552,0.0
886,11553,617.6799926757812,617.6799926757812,11553,0.0
887,11554,620.1799926757812,616.1699829101562,11555,0.6465880571741307
888,11559,621.6900024414062,598.47998046875,11577,3.7333754574642324
889,11590,624.219970703125,624.219970703125,11590,0.0
890,11591,630.1500244140625,630.1500244140625,11591,0.0
891,11592,636.02001953125,636.02001953125,11592,0.0
892,11593,638.4600219726562,635.8400268554688,11594,0.41036165570593996
893,11595,641.4299926757812,641.4299926757812,11595,0.0
894,11596,646.3300170898438,646.3300170898438,11596,0.0
895,11597,649.9299926757812,649.9299926757812,11597,0.0
896,11598,656.0700073242188,656.0700073242188,11598,0.0
897,11599,656.3699951171875,656.3699951171875,11599,0.0
898,11600,661.4500122070312,631.1799926757812,11641,4.576312491135854
899,11663,661.510009765625,661.510009765625,11663,0.0
900,11664,665.5999755859375,664.8499755859375,11666,0.11268029259462696
901,11667,668.9099731445312,668.9099731445312,11667,0.0
902,11668,673.1500244140625,672.760009765625,11669,0.05793874088870231
903,11670,678.4199829101562,676.0,11671,0.3567086717840283
904,11672,678.510009765625,626.6500244140625,11713,7.643215959257003
905,11749,680.5399780273438,680.5399780273438,11749,0.0
906,11750,683.97998046875,681.469970703125,11752,0.3669712326821061
907,11754,687.030029296875,685.6099853515625,11756,0.20669314073008005
908,11760,687.3300170898438,687.3300170898438,11760,0.0
909,11761,689.0800170898438,689.0800170898438,11761,0.0
910,11762,694.010009765625,692.780029296875,11763,0.1772280588813666
911,11764,701.4600219726562,701.4600219726562,11764,0.0
912,11765,703.3400268554688,694.6099853515625,11768,1.2412263159452193
913,11770,703.5399780273438,702.5700073242188,11771,0.1378700192481885
914,11772,704.4099731445312,704.4099731445312,11772,0.0
915,11773,706.989990234375,706.989990234375,11773,0.0
916,11774,710.8200073242188,697.260009765625,11780,1.907655583533508
917,11786,714.1400146484375,714.1400146484375,11786,0.0
918,11787,724.5900268554688,724.5900268554688,11787,0.0
919,11788,727.6500244140625,727.6500244140625,11788,0.0
920,11789,730.8200073242188,730.8200073242188,11789,0.0
921,11790,731.8699951171875,729.5599975585938,11791,0.3156294934900114
922,11793,735.8800048828125,735.8800048828125,11793,0.0
923,11794,737.6199951171875,737.02001953125,11795,0.08133938747717658
924,11796,742.1599731445312,742.1599731445312,11796,0.0
925,11797,743.9500122070312,742.75,11798,0.1613028009061048
926,11799,748.72998046875,748.72998046875,11799,0.0
927,11800,757.030029296875,720.97998046875,11814,4.762036832489732
928,11831,759.5,759.5,11831,0.0
929,11832,759.510009765625,759.510009765625,11832,0.0
930,11833,768.8599853515625,767.2000122070312,11834,0.2159005769785541
931,11835,769.75,769.75,11835,0.0
932,11836,776.1699829101562,776.1699829101562,11836,0.0
933,11837,776.7000122070312,776.7000122070312,11837,0.0
934,11838,782.719970703125,782.719970703125,11838,0.0
935,11839,786.22998046875,765.02001953125,11842,2.697678982535699
936,11847,786.72998046875,786.72998046875,11847,0.0
937,11848,789.260009765625,778.280029296875,11849,1.391174053276887
938,11851,789.5599975585938,785.4299926757812,11852,0.5230767637143382
939,11853,789.5900268554688,789.5900268554688,11853,0.0
940,11854,802.77001953125,802.77001953125,11854,0.0
941,11855,811.8200073242188,808.47998046875,11856,0.41142455536142436
942,11857,816.2899780273438,737.6500244140625,11894,9.633825690635515
943,11910,830.2899780273438,815.6199951171875,11912,1.7668505339556353
944,11915,837.6599731445312,833.1300048828125,11916,0.5407884352780388
945,11918,841.8800048828125,829.75,11919,1.4408234917636469
946,11924,847.030029296875,847.030029296875,11924,0.0
947,11925,849.7100219726562,840.1099853515625,11931,1.1298015055544068
948,11933,858.010009765625,858.010009765625,11933,0.0
949,11934,862.9099731445312,862.9099731445312,11934,0.0
950,11935,865.27001953125,865.27001953125,11935,0.0
951,11936,869.5700073242188,869.5700073242188,11936,0.0
952,11937,883.4600219726562,883.4600219726562,11937,0.0
953,11938,893.27001953125,893.27001953125,11938,0.0
954,11939,893.9000244140625,893.9000244140625,11939,0.0
955,11940,894.4199829101562,889.0599975585938,11941,0.5992694096707034
956,11942,897.989990234375,897.989990234375,11942,0.0
957,11943,898.7000122070312,878.6199951171875,11944,2.2343403601977436
958,11951,904.030029296875,904.030029296875,11951,0.0
959,11952,916.9199829101562,912.2000122070312,11953,0.5147636425312243
960,11954,918.75,907.5399780273438,11955,1.2201384460034013
961,11959,925.760009765625,925.760009765625,11959,0.0
962,11960,936.5900268554688,912.9400024414062,11963,2.525120248553756
963,11966,940.2999877929688,936.4500122070312,11968,0.40944120343700047
964,11969,942.2899780273438,942.2899780273438,11969,0.0
965,11970,952.2899780273438,952.2899780273438,11970,0.0
966,11971,954.3099975585938,947.1400146484375,11972,0.7513263958775639
967,11975,960.3200073242188,899.469970703125,11992,6.336433288591252
968,12015,960.4600219726562,960.4600219726562,12015,0.0
969,12016,965.030029296875,965.030029296875,12016,0.0
970,12017,972.6900024414062,972.6900024414062,12017,0.0
971,12018,983.1199951171875,876.989990234375,12032,10.795223920774987
972,12060,983.7899780273438,927.6900024414062,12083,5.702434141322208
973,12096,985.489990234375,980.280029296875,12097,0.5286670579232303
974,12098,1001.27001953125,1001.27001953125,12098,0.0
975,12099,1006.0,1006.0,12099,0.0
976,12100,1006.9000244140625,1003.5399780273438,12101,0.33370208613055063
977,12102,1012.4600219726562,1010.739990234375,12103,0.16988638572908543
978,12104,1019.010009765625,1019.010009765625,12104,0.0
979,12105,1020.010009765625,1020.010009765625,12105,0.0
980,12106,1024.1400146484375,1020.0900268554688,12107,0.3954525489719306
981,12109,1032.0799560546875,1028.280029296875,12110,0.36818143163427064
982,12111,1034.2099609375,1034.2099609375,12111,0.0
983,12112,1038.1400146484375,1030.56005859375,12113,0.7301477592359664
984,12114,1042.9000244140625,1042.9000244140625,12114,0.0
985,12115,1048.6700439453125,1048.6700439453125,12115,0.0
986,12116,1049.3399658203125,1047.699951171875,12117,0.15629011586873398
987,12118,1052.02001953125,1035.050048828125,12120,1.6130843888965474
988,12121,1055.68994140625,1052.31005859375,12122,0.3201586640105492
989,12123,1064.25,1064.25,12123,0.0
990,12124,1068.469970703125,1068.469970703125,12124,0.0
991,12125,1069.9200439453125,1068.6099853515625,12126,0.12244453229600043
992,12127,1079.27001953125,1079.27001953125,12127,0.0
993,12128,1080.449951171875,1080.449951171875,12128,0.0
994,12129,1085.52001953125,1085.52001953125,12129,0.0
995,12130,1089.739990234375,1089.739990234375,12130,0.0
996,12131,1099.1600341796875,1095.550048828125,12132,0.3284312783676367
997,12133,1105.6500244140625,1093.5999755859375,12137,1.0898610375838325
998,12139,1108.1500244140625,1108.1500244140625,12139,0.0
999,12140,1120.010009765625,1120.010009765625,12140,0.0
1000,12141,1122.699951171875,1101.6500244140625,12144,1.874937888421619
1001,12150,1122.719970703125,1122.719970703125,12150,0.0
1002,12151,1123.6500244140625,1123.6500244140625,12151,0.0
1003,12152,1126.6700439453125,1126.6700439453125,12152,0.0
1004,12153,1130.5400390625,1077.010009765625,12190,4.734907871220975
1005,12197,1132.8800048828125,1129.280029296875,12198,0.31777201207729755
1006,12199,1133.199951171875,1133.199951171875,12199,0.0
1007,12200,1138.489990234375,1133.8399658203125,12201,0.40843788298087924
1008,12202,1148.56005859375,1146.4200439453125,12203,0.18632152776213082
1009,12204,1157.3299560546875,1154.6600341796875,12205,0.23069668775374183
1010,12206,1166.3800048828125,1158.56005859375,12207,0.6704458458071886
1011,12210,1177.5799560546875,1174.81005859375,12211,0.23521948099538342
1012,12212,1183.989990234375,1183.989990234375,12212,0.0
1013,12213,1186.75,957.280029296875,12244,19.335999216610492
1014,12303,1188.2099609375,1182.989990234375,12304,0.43931383128672247
1015,12306,1192.3299560546875,1141.199951171875,12317,4.288242916583014
1016,12322,1202.8399658203125,1202.8399658203125,12322,0.0
1017,12323,1203.5699462890625,1203.5699462890625,12323,0.0
1018,12324,1228.5400390625,1225.489990234375,12326,0.2482661314361797
1019,12327,1241.81005859375,1228.0999755859375,12330,1.1040402606609634
1020,12331,1244.780029296875,1244.780029296875,12331,0.0
1021,12332,1272.3399658203125,1269.72998046875,12333,0.20513270208247925
1022,12334,1275.0899658203125,1212.18994140625,12338,4.932987169544275
1023,12348,1279.6400146484375,1216.1400146484375,12355,4.962333099394809
1024,12373,1282.72998046875,1279.8399658203125,12374,0.22530187119984502
1025,12375,1286.8399658203125,1286.8399658203125,12375,0.0
1026,12376,1297.6800537109375,1294.5899658203125,12377,0.23812401845804493
1027,12378,1307.260009765625,1297.8199462890625,12380,0.722125927974725
1028,12381,1316.550048828125,1262.1400146484375,12384,4.132773701092369
1029,12392,1321.1199951171875,1317.8900146484375,12393,0.24448804655806383
1030,12394,1326.8900146484375,1326.8900146484375,12394,0.0
1031,12395,1343.97998046875,1343.97998046875,12395,0.0
1032,12396,1348.3499755859375,1348.3499755859375,12396,0.0
1033,12397,1358.6300048828125,1289.47998046875,12402,5.089687712294193
1034,12405,1358.8199462890625,1356.8499755859375,12406,0.1449765812243918
1035,12407,1360.0400390625,1360.0400390625,12407,0.0
1036,12408,1362.800048828125,1332.0,12413,2.260056334354408
1037,12419,1364.0,1364.0,12419,0.0
1038,12420,1367.56005859375,1281.4100341796875,12430,6.299542303293782
1039,12453,1372.7099609375,1372.7099609375,12453,0.0
1040,12454,1380.9599609375,1380.9599609375,12454,0.0
1041,12455,1391.219970703125,1388.1199951171875,12456,0.22282425865197772
1042,12457,1395.8599853515625,1394.4200439453125,12458,0.10315801164594135
1043,12459,1403.280029296875,1393.56005859375,12461,0.69266080184974
1044,12463,1409.6199951171875,1409.6199951171875,12463,0.0
1045,12464,1418.780029296875,1247.4100341796875,12528,12.078686729338568
1046,12550,1420.0699462890625,1410.7099609375,12551,0.6591214310268367
1047,12552,1424.93994140625,1388.9100341796875,12559,2.5285211102304546
1048,12562,1433.300048828125,1403.1700439453125,12569,2.102142179332721
1049,12574,1433.4300537109375,1433.4300537109375,12574,0.0
1050,12575,1436.1300048828125,1436.1300048828125,12575,0.0
1051,12576,1458.3399658203125,1457.0999755859375,12577,0.08502751508133487
1052,12579,1463.4599609375,1463.4599609375,12579,0.0
1053,12580,1464.469970703125,1464.469970703125,12580,0.0
1054,12581,1469.25,1333.3599853515625,12619,9.248937529245364
1055,12636,1493.8699951171875,1493.8699951171875,12636,0.0
1056,12637,1500.6400146484375,1500.6400146484375,12637,0.0
1057,12638,1527.3499755859375,1527.3499755859375,12638,0.0
1058,12639,1527.4599609375,776.760009765625,13276,49.14694789846553
1059,14442,1530.22998046875,1530.22998046875,14442,0.0
1060,14443,1530.6199951171875,1530.6199951171875,14443,0.0
1061,14444,1536.3399658203125,1536.3399658203125,14444,0.0
1062,14445,1539.1800537109375,1490.719970703125,14448,3.14843496645997
1063,14472,1547.699951171875,1547.699951171875,14472,0.0
1064,14473,1552.5,1546.1700439453125,14476,0.4077266379830918
1065,14477,1553.0799560546875,1406.699951171875,14496,9.425142878970885
1066,14532,1557.5899658203125,1552.5799560546875,14533,0.32165138936205545
1067,14534,1565.1500244140625,676.530029296875,14889,56.77538774277282
1068,15910,1569.18994140625,1562.1700439453125,15911,0.44735804606589097
1069,15912,1570.25,1553.280029296875,15915,1.0807177648861646
1070,15918,1587.72998046875,1587.72998046875,15918,0.0
1071,15919,1593.3699951171875,1541.6099853515625,15924,3.248461432325278
1072,15931,1593.6099853515625,1593.6099853515625,15931,0.0
1073,15932,1597.5699462890625,1582.699951171875,15933,0.9307883608932727
1074,15934,1597.5899658203125,1597.5899658203125,15934,0.0
1075,15935,1614.4200439453125,1614.4200439453125,15935,0.0
1076,15936,1617.5,1617.5,15936,0.0
1077,15937,1625.9599609375,1625.9599609375,15937,0.0
1078,15938,1632.68994140625,1626.6700439453125,15939,0.36871039064235983
1079,15940,1633.699951171875,1633.699951171875,15940,0.0
1080,15941,1633.77001953125,1633.77001953125,15941,0.0
1081,15942,1650.3399658203125,1650.3399658203125,15942,0.0
1082,15943,1658.780029296875,1650.469970703125,15944,0.5009741163373226
1083,15945,1667.469970703125,1666.2900390625,15946,0.0707617924973759
1084,15947,1669.1600341796875,1573.0899658203125,15970,5.755593615479109
1085,15982,1675.02001953125,1675.02001953125,15982,0.0
1086,15983,1680.18994140625,1680.18994140625,15983,0.0
1087,15984,1682.5,1676.260009765625,15985,0.3708760911961367
1088,15987,1689.3699951171875,1689.3699951171875,15987,0.0
1089,15988,1692.0899658203125,1692.0899658203125,15988,0.0
1090,15989,1695.530029296875,1685.3299560546875,15994,0.6015861156064221
1091,15997,1706.8699951171875,1706.8699951171875,15997,0.0
1092,15998,1709.6700439453125,1630.47998046875,16015,4.631891618912612
1093,16030,1725.52001953125,1655.449951171875,16044,4.060808774528738
1094,16051,1733.1500244140625,1733.1500244140625,16051,0.0
1095,16052,1744.5,1744.5,16052,0.0
1096,16053,1744.6600341796875,1744.6600341796875,16053,0.0
1097,16054,1754.6700439453125,1746.3800048828125,16055,0.4724557241462985
1098,16057,1759.77001953125,1759.77001953125,16057,0.0
1099,16058,1762.1099853515625,1762.1099853515625,16058,0.0
1100,16059,1771.949951171875,1747.1500244140625,16066,1.3995839296370152
1101,16070,1782.0,1782.0,16070,0.0
1102,16071,1790.6199951171875,1790.6199951171875,16071,0.0
1103,16072,1798.1800537109375,1781.3699951171875,16075,0.9348373406244148
1104,16077,1804.760009765625,1802.47998046875,16078,0.12633420978621393
1105,16080,1807.22998046875,1785.030029296875,16085,1.2283965744147787
1106,16087,1808.3699951171875,1775.3199462890625,16091,1.8276154170531491
1107,16094,1810.6500244140625,1809.5999755859375,16095,0.057992920441088676
1108,16096,1818.3199462890625,1818.3199462890625,16096,0.0
1109,16097,1827.989990234375,1827.989990234375,16097,0.0
1110,16098,1833.3199462890625,1833.3199462890625,16098,0.0
1111,16099,1842.02001953125,1841.0699462890625,16101,0.05157779134394375
1112,16102,1848.3599853515625,1819.199951171875,16110,1.5776166120660307
1113,16112,1848.3800048828125,1741.8900146484375,16124,5.761260668967607
1114,16141,1854.2900390625,1854.2900390625,16141,0.0
1115,16142,1859.449951171875,1845.72998046875,16143,0.7378510346287249
1116,16144,1873.9100341796875,1873.81005859375,16145,0.005335132643188218
1117,16146,1877.030029296875,1877.030029296875,16146,0.0
1118,16147,1878.0400390625,1841.1300048828125,16152,1.9653486300597
1119,16164,1885.52001953125,1885.52001953125,16164,0.0
1120,16165,1890.9000244140625,1815.68994140625,16172,3.9774753840366586
1121,16192,1896.6500244140625,1896.6500244140625,16192,0.0
1122,16193,1897.449951171875,1870.8499755859375,16195,1.4018802219004098
1123,16201,1900.530029296875,1900.530029296875,16201,0.0
1124,16202,1911.9100341796875,1909.780029296875,16203,0.11140717108723094
1125,16204,1920.030029296875,1920.030029296875,16204,0.0
1126,16205,1923.5699462890625,1923.5699462890625,16205,0.0
1127,16206,1924.969970703125,1924.239990234375,16207,0.03792165487565312
1128,16208,1927.8800048828125,1927.8800048828125,16208,0.0
1129,16209,1940.4599609375,1940.4599609375,16209,0.0
1130,16210,1949.43994140625,1949.43994140625,16210,0.0
1131,16211,1951.27001953125,1930.1099853515625,16214,1.0844236813914014
1132,16218,1956.97998046875,1956.97998046875,16218,0.0
1133,16219,1959.47998046875,1959.47998046875,16219,0.0
1134,16220,1962.8699951171875,1949.97998046875,16222,0.6566922251857
1135,16227,1973.3199462890625,1973.3199462890625,16227,0.0
1136,16228,1974.6199951171875,1974.6199951171875,16228,0.0
1137,16229,1985.43994140625,1958.1199951171875,16238,1.376014742088461
1138,16242,1987.010009765625,1987.010009765625,16242,0.0
1139,16243,1987.97998046875,1909.5699462890625,16253,3.944206428135108
1140,16263,1992.3699951171875,1988.4000244140625,16264,0.19925870761226222
1141,16265,1997.9200439453125,1997.9200439453125,16265,0.0
1142,16266,2000.02001953125,2000.02001953125,16266,0.0
1143,16267,2000.1199951171875,1996.739990234375,16268,0.16899010514688967
1144,16269,2003.3699951171875,1997.6500244140625,16272,0.2855174389686519
1145,16273,2007.7099609375,1984.1300048828125,16279,1.1744702428869178
1146,16282,2011.3599853515625,1862.489990234375,16301,7.401459519995708
1147,16313,2018.050048828125,2012.0999755859375,16315,0.2948426995476494
1148,16316,2023.5699462890625,2023.5699462890625,16316,0.0
1149,16317,2031.2099609375,2031.2099609375,16317,0.0
1150,16318,2031.9200439453125,2031.9200439453125,16318,0.0
1151,16319,2038.260009765625,2038.260009765625,16319,0.0
1152,16320,2039.6800537109375,2038.25,16321,0.07011166816754912
1153,16323,2039.8199462890625,2039.8199462890625,16323,0.0
1154,16324,2041.3199462890625,2041.3199462890625,16324,0.0
1155,16325,2051.800048828125,2048.719970703125,16326,0.15011590075549372
1156,16327,2052.75,2052.75,16327,0.0
1157,16328,2063.5,2063.5,16328,0.0
1158,16329,2069.409912109375,2067.030029296875,16330,0.11500296768532224
1159,16331,2072.830078125,2053.43994140625,16333,0.9354426551109076
1160,16335,2074.330078125,2071.919921875,16336,0.11618962070773979
1161,16337,2075.3701171875,1972.739990234375,16344,4.945148149873493
1162,16348,2078.5400390625,2078.5400390625,16348,0.0
1163,16349,2082.169921875,2081.8798828125,16350,0.01392965384106687
1164,16351,2088.77001953125,2088.77001953125,16351,0.0
1165,16352,2090.570068359375,1992.6700439453125,16364,4.682934377363008
1166,16384,2096.989990234375,2096.989990234375,16384,0.0
1167,16385,2100.340087890625,2097.449951171875,16387,0.13760327365139086
1168,16388,2110.300048828125,2109.659912109375,16389,0.03033391953459299
1169,16390,2115.47998046875,2104.5,16393,0.5190302234066543
1170,16394,2117.389892578125,2040.239990234375,16401,3.643632314207971
1171,16432,2117.68994140625,2080.14990234375,16440,1.772688169712492
1172,16446,2121.10009765625,2121.10009765625,16446,0.0
1173,16447,2122.72998046875,2122.72998046875,16447,0.0
1174,16448,2129.199951171875,2125.85009765625,16450,0.15732921249511103
1175,16451,2130.820068359375,1829.0799560546875,16634,14.16075044464042
1176,16737,2137.159912109375,2137.159912109375,16737,0.0
1177,16738,2152.139892578125,2152.139892578125,16738,0.0
1178,16739,2152.429931640625,2152.429931640625,16739,0.0
1179,16740,2163.75,2161.739990234375,16741,0.09289473209127673
1180,16742,2166.889892578125,2163.780029296875,16743,0.14351736522938613
1181,16744,2173.02001953125,2165.169921875,16745,0.36125289162975005
1182,16746,2175.030029296875,2157.030029296875,16753,0.8275747809246977
1183,16756,2182.8701171875,2175.489990234375,16759,0.33809281161601407
1184,16760,2185.7900390625,2184.050048828125,16761,0.0796046373750195
1185,16762,2190.14990234375,2085.179931640625,16820,4.79282128546513
1186,16831,2198.179931640625,2198.179931640625,16831,0.0
1187,16832,2202.93994140625,2202.93994140625,16832,0.0
1188,16833,2204.719970703125,2204.719970703125,16833,0.0
1189,16834,2213.35009765625,2191.080078125,16838,1.0061679602712674
1190,16842,2241.35009765625,2241.35009765625,16842,0.0
1191,16843,2246.18994140625,2246.18994140625,16843,0.0
1192,16844,2259.530029296875,2256.9599609375,16845,0.11374349205594575
1193,16846,2271.719970703125,2238.830078125,16858,1.4477969557112789
1194,16862,2276.97998046875,2263.68994140625,16870,0.5836695612828379
1195,16873,2280.070068359375,2280.070068359375,16873,0.0
1196,16874,2298.3701171875,2278.8701171875,16878,0.8484273204814383
1197,16885,2307.8701171875,2307.8701171875,16885,0.0
1198,16886,2316.10009765625,2316.10009765625,16886,0.0
1199,16887,2328.25,2328.25,16887,0.0
1200,16888,2337.580078125,2337.580078125,16888,0.0
1201,16889,2349.25,2347.219970703125,16890,0.08641180363413856
1202,16891,2351.159912109375,2351.159912109375,16891,0.0
1203,16892,2365.3798828125,2362.820068359375,16893,0.10822001454080653
1204,16895,2367.340087890625,2367.340087890625,16895,0.0
1205,16896,2369.75,2363.639892578125,16897,0.25783763780462077
1206,16898,2395.9599609375,2328.949951171875,16929,2.7967917184811832
1207,16944,2399.2900390625,2399.2900390625,16944,0.0
1208,16945,2399.3798828125,2396.919921875,16946,0.1025248629915363
1209,16947,2399.6298828125,2390.89990234375,16949,0.36380529061081607
1210,16950,2402.320068359375,2357.030029296875,16952,1.8852624868354901
1211,16957,2404.389892578125,2404.389892578125,16957,0.0
1212,16958,2415.070068359375,2415.070068359375,16958,0.0
1213,16959,2415.820068359375,2411.800048828125,16961,0.16640392982495855
1214,16962,2430.06005859375,2430.06005859375,16962,0.0
1215,16963,2439.070068359375,2429.330078125,16965,0.3993321209064954
1216,16970,2440.35009765625,2432.4599609375,16972,0.3233198681749725
1217,16974,2453.4599609375,2409.75,16986,1.7815640619135205
1218,16992,2459.27001953125,2459.139892578125,16993,0.005291283677332954
1219,16994,2460.610107421875,2460.610107421875,16994,0.0
1220,16995,2473.830078125,2469.909912109375,16998,0.1584654520247497
1221,16999,2477.1298828125,2477.1298828125,16999,0.0
1222,17000,2477.830078125,2470.300048828125,17003,0.30389611310929976
1223,17008,2480.909912109375,2425.550048828125,17017,2.231433838489552
1224,17032,2488.110107421875,2488.110107421875,17032,0.0
1225,17033,2496.47998046875,2496.47998046875,17033,0.0
1226,17034,2498.3701171875,2495.6201171875,17035,0.11007176162896827
1227,17036,2500.22998046875,2500.22998046875,17036,0.0
1228,17037,2503.8701171875,2503.8701171875,17037,0.0
1229,17038,2506.64990234375,2506.64990234375,17038,0.0
1230,17039,2508.239990234375,2496.659912109375,17042,0.4616814248272125
1231,17045,2510.06005859375,2510.06005859375,17045,0.0
1232,17046,2519.360107421875,2519.360107421875,17046,0.0
1233,17047,2529.1201171875,2529.1201171875,17047,0.0
1234,17048,2534.580078125,2534.580078125,17048,0.0
1235,17049,2537.739990234375,2537.739990234375,17049,0.0
1236,17050,2552.070068359375,2544.72998046875,17052,0.2876131020706517
1237,17054,2555.239990234375,2550.929931640625,17055,0.16867529508860993
1238,17057,2557.639892578125,2557.639892578125,17057,0.0
1239,17058,2559.360107421875,2559.360107421875,17058,0.0
1240,17059,2561.260009765625,2561.260009765625,17059,0.0
1241,17060,2562.10009765625,2562.10009765625,17060,0.0
1242,17061,2575.2099609375,2557.14990234375,17064,0.7013043156751099
1243,17066,2581.070068359375,2572.830078125,17067,0.3192470570786421
1244,17071,2587.840087890625,2587.840087890625,17071,0.0
1245,17072,2591.1298828125,2590.639892578125,17073,0.018910292286975133
1246,17074,2594.3798828125,2564.6201171875,17079,1.1470858921685056
1247,17083,2599.030029296875,2597.080078125,17084,0.07502611166068471
1248,17085,2602.419921875,2601.419921875,17086,0.0384257740879695
1249,17087,2627.0400390625,2626.070068359375,17088,0.0369225702197957
1250,17089,2647.580078125,2629.27001953125,17093,0.6915771403868951
1251,17095,2651.5,2651.5,17095,0.0
1252,17096,2659.989990234375,2659.989990234375,17096,0.0
1253,17097,2664.110107421875,2652.010009765625,17099,0.4541890976105174
1254,17100,2675.81005859375,2675.81005859375,17100,0.0
1255,17101,2690.159912109375,2673.610107421875,17109,0.615197803409507
1256,17110,2695.81005859375,2695.81005859375,17110,0.0
1257,17111,2713.06005859375,2713.06005859375,17111,0.0
1258,17112,2723.989990234375,2723.989990234375,17112,0.0
1259,17113,2743.14990234375,2743.14990234375,17113,0.0
1260,17114,2747.7099609375,2747.7099609375,17114,0.0
1261,17115,2751.2900390625,2748.22998046875,17116,0.11122268282527975
1262,17117,2767.56005859375,2767.56005859375,17117,0.0
1263,17118,2786.239990234375,2776.419921875,17119,0.35244876226720684
1264,17120,2802.56005859375,2798.030029296875,17121,0.16163897301626598
1265,17122,2810.300048828125,2810.300048828125,17122,0.0
1266,17123,2832.969970703125,2832.969970703125,17123,0.0
1267,17124,2839.1298828125,2837.5400390625,17125,0.05599757022827953
1268,17126,2839.25,2839.25,17126,0.0
1269,17127,2872.8701171875,2581.0,17136,10.159530548956274
1270,17273,2874.68994140625,2874.68994140625,17273,0.0
1271,17274,2896.739990234375,2896.739990234375,17274,0.0
1272,17275,2897.52001953125,2897.52001953125,17275,0.0
1273,17276,2914.0400390625,2871.679931640625,17282,1.4536556414476385
1274,17291,2930.75,2351.10009765625,17356,19.77821043568199
1275,17437,2933.679931640625,2926.169921875,17439,0.2559928124614848
1276,17440,2939.8798828125,2939.8798828125,17440,0.0
1277,17441,2943.030029296875,2943.030029296875,17441,0.0
1278,17442,2945.830078125,2744.449951171875,17465,6.836108044673847
1279,17478,2954.179931640625,2913.780029296875,17482,1.3675504972140822
1280,17485,2964.330078125,2964.330078125,17485,0.0
1281,17486,2973.010009765625,2973.010009765625,17486,0.0
1282,17487,2995.820068359375,2975.949951171875,17489,0.6632613686435992
1283,17492,2999.909912109375,2999.909912109375,17492,0.0
1284,17493,3013.77001953125,3013.77001953125,17493,0.0
1285,17494,3014.300048828125,2976.610107421875,17498,1.2503712568661765
1286,17501,3019.56005859375,3003.669921875,17502,0.5262401280453501
1287,17503,3025.860107421875,2840.60009765625,17516,6.122556998296665
1288,17568,3039.419921875,3036.889892578125,17569,0.0832405314799095
1289,17570,3046.77001953125,3037.56005859375,17571,0.3022860563304665
1290,17572,3066.909912109375,3066.909912109375,17572,0.0
1291,17573,3078.27001953125,3074.6201171875,17574,0.11856992143612524
1292,17576,3085.179931640625,3085.179931640625,17576,0.0
1293,17577,3093.080078125,3087.010009765625,17578,0.1962467251431339
1294,17580,3094.0400390625,3094.0400390625,17580,0.0
1295,17581,3096.6298828125,3096.6298828125,17581,0.0
1296,17582,3120.4599609375,3120.4599609375,17582,0.0
1297,17583,3122.030029296875,3103.5400390625,17586,0.5922425492665491
1298,17588,3133.639892578125,3133.639892578125,17588,0.0
1299,17589,3140.52001953125,3140.52001953125,17589,0.0
1300,17590,3153.6298828125,3093.199951171875,17593,1.9162024044093533
1301,17600,3168.570068359375,3168.570068359375,17600,0.0
1302,17601,3168.800048828125,3168.800048828125,17601,0.0
1303,17602,3191.449951171875,3191.449951171875,17602,0.0
1304,17603,3192.52001953125,3191.139892578125,17604,0.04323001718647455
1305,17605,3205.3701171875,3205.3701171875,17605,0.0
1306,17606,3221.219970703125,3221.219970703125,17606,0.0
1307,17607,3224.010009765625,3223.3798828125,17608,0.019544819997962978
1308,17609,3239.909912109375,3239.909912109375,17609,0.0
1309,17610,3240.02001953125,3221.2900390625,17611,0.5780822450430341
1310,17613,3257.85009765625,3234.85009765625,17614,0.7059870562045373
1311,17618,3274.699951171875,3265.35009765625,17619,0.28551786896625714
1312,17620,3288.1298828125,3283.14990234375,17621,0.15145327728022642
1313,17622,3289.2900390625,3289.2900390625,17622,0.0
1314,17623,3316.81005859375,3316.81005859375,17623,0.0
1315,17624,3329.6201171875,3225.52001953125,17633,3.1264857248694904
1316,17636,3334.68994140625,3334.68994140625,17636,0.0
1317,17637,3345.780029296875,3327.7099609375,17638,0.5400853672730086
1318,17639,3352.090087890625,3352.090087890625,17639,0.0
1319,17640,3357.75,3357.75,17640,0.0
1320,17641,3379.449951171875,3373.93994140625,17642,0.16304457368023223
1321,17643,3380.159912109375,3370.2900390625,17644,0.2919942636890142
1322,17645,3386.14990234375,2237.39990234375,17668,33.92496000265327
1323,17771,3389.780029296875,3374.85009765625,17772,0.4404395421410822
1324,17774,3397.159912109375,3397.159912109375,17774,0.0
1325,17775,3431.280029296875,3431.280029296875,17775,0.0
1326,17776,3443.6201171875,3443.6201171875,17776,0.0
1327,17777,3478.72998046875,3478.72998046875,17777,0.0
1328,17778,3484.550048828125,3484.550048828125,17778,0.0
1329,17779,3508.010009765625,3500.31005859375,17780,0.21949627140286995
1330,17781,3526.64990234375,3526.64990234375,17781,0.0
1331,17782,3580.840087890625,3236.919921875,17796,9.604454752912996
1332,17833,3585.14990234375,3585.14990234375,17833,0.0
1333,17834,3626.909912109375,3557.5400390625,17838,1.9126439511294662
1334,17840,3635.409912109375,3629.64990234375,17841,0.1584418237524931
1335,17842,3638.35009765625,3621.6298828125,17843,0.4595548640170944
1336,17844,3662.449951171875,3662.449951171875,17844,0.0
1337,17845,3669.010009765625,3666.719970703125,17846,0.062415721309146466
1338,17847,3699.1201171875,3691.9599609375,17848,0.19356376714373852
1339,17849,3702.25,3647.489990234375,17853,1.4791008107400905
1340,17856,3722.47998046875,3687.260009765625,17859,0.9461426491994178
1341,17862,3735.360107421875,3727.0400390625,17863,0.22273805256001047
1342,17865,3756.070068359375,3700.64990234375,17866,1.475482752105105
1343,17869,3803.7900390625,3803.7900390625,17869,0.0
1344,17870,3824.679931640625,3768.25,17875,1.4754157903199747
1345,17877,3851.85009765625,3851.85009765625,17877,0.0
1346,17878,3853.070068359375,3841.469970703125,17879,0.30106116552376333
1347,17880,3855.360107421875,3714.239990234375,17884,3.6603615033478336
1348,17888,3871.739990234375,3871.739990234375,17888,0.0
1349,17889,3886.830078125,3886.830078125,17889,0.0
1350,17890,3915.590087890625,3909.8798828125,17892,0.1458325552458724
1351,17893,3916.3798828125,3916.3798828125,17893,0.0
1352,17894,3934.830078125,3768.469970703125,17907,4.2278854262786325
1353,17912,3939.340087890625,3939.340087890625,17912,0.0
1354,17913,3943.340087890625,3943.340087890625,17913,0.0
1355,17914,3968.93994140625,3962.7099609375,17915,0.1569683734378362
1356,17916,3974.1201171875,3889.139892578125,17921,2.138340616375628
1357,17923,3974.5400390625,3958.550048828125,17925,0.40231045799570464
1358,17927,4019.8701171875,4019.8701171875,17927,0.0
1359,17928,4077.909912109375,4073.93994140625,17929,0.09735307519511775
1360,17930,4079.949951171875,4079.949951171875,17930,0.0
1361,17931,4097.169921875,4097.169921875,17931,0.0
1362,17932,4128.7998046875,4127.990234375,17933,0.019607884876880696
1363,17934,4141.58984375,4124.66015625,17935,0.4087726727828515
1364,17936,4170.419921875,4170.419921875,17936,0.0
1365,17937,4185.47021484375,4134.93994140625,17939,1.207278294761115
1366,17943,4187.6201171875,4183.18017578125,17945,0.10602541018529552
1367,17946,4211.47021484375,4164.66015625,17949,1.111489722253365
1368,17952,4232.60009765625,4063.0400390625,17955,4.006049583745031
1369,17975,4239.18017578125,4239.18017578125,17975,0.0
1370,17976,4247.43994140625,4247.43994140625,17976,0.0
1371,17977,4255.14990234375,4166.4501953125,17981,2.084526022982032
1372,17985,4266.490234375,4266.490234375,17985,0.0
1373,17986,4280.7001953125,4280.7001953125,17986,0.0
1374,17987,4290.60986328125,4290.60986328125,17987,0.0
1375,17988,4291.7998046875,4291.7998046875,17988,0.0
1376,17989,4297.5,4297.5,17989,0.0
1377,17990,4319.93994140625,4319.93994140625,17990,0.0
1378,17991,4352.33984375,4343.5400390625,17992,0.20218560598241428
1379,17993,4358.1298828125,4320.81982421875,17994,0.8561024934317037
1380,17995,4369.5498046875,4369.5498046875,17995,0.0
1381,17996,4384.6298828125,4258.490234375,18001,2.8768596622478957
1382,18005,4411.7900390625,4411.7900390625,18005,0.0
1383,18006,4422.2998046875,4387.16015625,18011,0.794601225368146
1384,18012,4423.14990234375,4402.66015625,18013,0.4632387901412258
1385,18014,4429.10009765625,4429.10009765625,18014,0.0
1386,18015,4436.52001953125,4432.35009765625,18016,0.09399082741974378
1387,18017,4436.75,4436.75,18017,0.0
1388,18018,4442.41015625,4442.41015625,18018,0.0
1389,18019,4460.830078125,4460.830078125,18019,0.0
1390,18020,4468.0,4468.0,18020,0.0
1391,18021,4479.7099609375,4400.27001953125,18023,1.7733277845877562
1392,18027,4486.22998046875,4486.22998046875,18027,0.0
1393,18028,4496.18994140625,4470.0,18029,0.5824918819612569
1394,18030,4509.3701171875,4509.3701171875,18030,0.0
1395,18031,4528.7900390625,4522.68017578125,18032,0.13491160395050675
1396,18034,4536.9501953125,4300.4599609375,18055,5.212537590104862
1397,18068,4549.77978515625,4544.89990234375,18069,0.10725536274130713
1398,18070,4566.47998046875,4566.47998046875,18070,0.0
1399,18071,4574.7900390625,4551.68017578125,18072,0.5051568068462842
1400,18073,4596.419921875,4596.419921875,18073,0.0
1401,18074,4605.3798828125,4605.3798828125,18074,0.0
1402,18075,4613.669921875,4613.669921875,18075,0.0
1403,18076,4630.64990234375,4630.64990234375,18076,0.0
1404,18077,4660.56982421875,4660.56982421875,18077,0.0
1405,18078,4680.06005859375,4680.06005859375,18078,0.0
1406,18079,4697.52978515625,4697.52978515625,18079,0.0
1407,18080,4701.7001953125,4646.7099609375,18082,1.1695818978382364
1408,18088,4704.5400390625,4513.0400390625,18096,4.0705360866300815
1409,18103,4712.02001953125,4568.02001953125,18109,3.0560141808210117
1410,18112,4725.7900390625,4725.7900390625,18112,0.0
1411,18113,4791.18994140625,4786.35009765625,18114,0.10101548486260742
1412,18115,4793.06005859375,4766.18017578125,18117,0.5608083872077824
1413,18118,4796.56005859375,3577.030029296875,18313,25.4250966192304
1414,18631,4839.81005859375,4839.81005859375,18631,0.0
1415,18632,4850.43017578125,4850.43017578125,18632,0.0
1416,18633,4864.60009765625,4864.60009765625,18633,0.0
1417,18634,4868.5498046875,4868.5498046875,18634,0.0
1418,18635,4894.16015625,4890.97021484375,18636,0.06517852510764982
1419,18637,4927.93017578125,4845.64990234375,18639,1.669672063169111
1420,18641,4958.60986328125,4942.81005859375,18642,0.31863375266722094
1421,18644,4995.06005859375,4995.06005859375,18644,0.0
1422,18645,4997.91015625,4997.91015625,18645,0.0
1423,18646,5026.60986328125,4953.169921875,18648,1.4610233020612857
1424,18650,5029.72998046875,4975.509765625,18652,1.0779945455182647
1425,18654,5087.02978515625,5087.02978515625,18654,0.0
1426,18655,5088.7998046875,5069.52978515625,18656,0.378675135019059
1427,18659,5096.27001953125,5096.27001953125,18659,0.0
1428,18660,5137.080078125,5078.64990234375,18662,1.1374199913694283
1429,18664,5157.35986328125,5117.93994140625,18666,0.764343053810482
1430,18667,5175.27001953125,5117.08984375,18670,1.124195946524152
1431,18672,5178.509765625,5178.509765625,18672,0.0
1432,18673,5224.6201171875,5224.6201171875,18673,0.0
1433,18674,5241.52978515625,5203.580078125,18677,0.7240196772080104
1434,18678,5248.490234375,5248.490234375,18678,0.0
1435,18679,5254.35009765625,4967.22998046875,18694,5.464426843494356
1436,18712,5308.14990234375,5297.10009765625,18713,0.2081667792128683
1437,18716,5321.41015625,5235.47998046875,18722,1.6148008377126304
1438,18726,5354.02978515625,5346.990234375,18728,0.131481352620913
1439,18729,5360.7900390625,5360.7900390625,18729,0.0
1440,18730,5375.31982421875,5375.31982421875,18730,0.0
1441,18731,5421.02978515625,5421.02978515625,18731,0.0
1442,18732,5433.740234375,5431.60009765625,18733,0.0393860697500966
1443,18734,5473.22998046875,5473.22998046875,18734,0.0
1444,18735,5487.02978515625,5447.8701171875,18738,0.7136769710032634
1445,18744,5509.009765625,5509.009765625,18744,0.0
1446,18745,5537.02001953125,5537.02001953125,18745,0.0
1447,18746,5567.18994140625,5567.18994140625,18746,0.0
1448,18747,5572.85009765625,5572.85009765625,18747,0.0
1449,18748,5576.97998046875,5576.97998046875,18748,0.0
1450,18749,5633.91015625,5584.5400390625,18750,0.8763028841120419
1451,18753,5667.2001953125,5186.330078125,18767,8.485144350207378
1452,18799,5713.64013671875,5702.5498046875,18800,0.19410273951238022
1453,18801,5718.56982421875,5718.56982421875,18801,0.0
1454,18802,5732.93017578125,5722.259765625,18803,0.1861248930141714
1455,18804,5745.3701171875,5738.169921875,18805,0.12532169669905743
1456,18806,5762.47998046875,5695.93994140625,18811,1.1547118478160385
1457,18813,5792.0400390625,5780.0498046875,18814,0.2070122839990025
1458,18815,5815.02978515625,5815.02978515625,18815,0.0
1459,18816,5859.85009765625,5815.259765625,18817,0.7609466332438211
1460,18820,5864.669921875,5705.4501953125,18829,2.7148966384044284
1461,18833,5929.0400390625,5929.0400390625,18833,0.0
1462,18834,5973.10009765625,5973.10009765625,18834,0.0
1463,18835,5995.5400390625,5995.5400390625,18835,0.0
1464,18836,6001.35009765625,5870.6201171875,18840,2.178342845217527
1465,18847,6021.6298828125,5998.740234375,18848,0.3801238017440059
1466,18849,6032.3798828125,6032.3798828125,18849,0.0
1467,18850,6047.14990234375,6047.14990234375,18850,0.0
1468,18851,6049.8798828125,6049.8798828125,18851,0.0
1469,18852,6086.490234375,6075.10986328125,18853,0.1869775626924769
1470,18854,6090.27001953125,5827.0400390625,18876,4.322139734766801
1471,18884,6118.7099609375,5994.56982421875,18891,2.0288612715960377
1472,18901,6129.580078125,6129.580078125,18901,0.0
